[{"model": "homepage.adventure", "pk": 2, "fields": {"title": "Paragliding", "logo": "https://5.imimg.com/data5/XL/GY/GLADMIN-9125725/paragliding-package-500x500.png", "adventureform_choice": "airbased"}}, {"model": "homepage.adventure", "pk": 3, "fields": {"title": "Bungee Jumping", "logo": "https://d3h30waly5w5yx.cloudfront.net/images/tour/pictures/chiangmai-bungy-2.jpg", "adventureform_choice": "airbased"}}, {"model": "homepage.adventure", "pk": 4, "fields": {"title": "River Rafting", "logo": "https://d1j3wd17d78ehn.cloudfront.net/system/images/000/062/549/5cc7ec431e5e1c64f07ae29b6d705f2e/original/rafting-12.jpg?1519456497", "adventureform_choice": "waterbased"}}, {"model": "homepage.adventure", "pk": 5, "fields": {"title": "Biking", "logo": "", "adventureform_choice": null}}, {"model": "homepage.adventure", "pk": 6, "fields": {"title": "Mountain Biking", "logo": "https://cdn.dirtmountainbike.com/featured_image/5abef42923011.jpg", "adventureform_choice": "landbased"}}, {"model": "homepage.adventure", "pk": 7, "fields": {"title": "Scuba Diving", "logo": "https://dtmag.com/wp-content/uploads/2015/03/scuba-diver-1050x700.jpg", "adventureform_choice": "waterbased"}}, {"model": "homepage.adventure", "pk": 8, "fields": {"title": "Skiing", "logo": "", "adventureform_choice": null}}, {"model": "homepage.adventure", "pk": 9, "fields": {"title": "Trekking", "logo": "https://completewellbeing.com/wp-content/uploads/2014/04/discover-the-beauty-of-trekking.jpg", "adventureform_choice": "landbased"}}, {"model": "homepage.adventure", "pk": 10, "fields": {"title": "Cycling", "logo": "https://www.justrunlah.com/wp-content/uploads/2018/01/Cycling-liv-cycling.png", "adventureform_choice": "landbased"}}, {"model": "homepage.adventure", "pk": 11, "fields": {"title": "Camping", "logo": "https://media-cdn.tripadvisor.com/media/photo-s/0f/cb/90/dd/family-friendly-camping.jpg", "adventureform_choice": "landbased"}}, {"model": "homepage.adventure", "pk": 12, "fields": {"title": "parasailing", "logo": "https://www.soundingsonline.com/.image/t_share/MTUzNjkwNDMwMzA5OTM1MTAw/what-is-parasailing.jpg", "adventureform_choice": "waterbased"}}, {"model": "homepage.adventure", "pk": 13, "fields": {"title": "Kayaking", "logo": "http://www.mi-paddleadventure.com/wp-content/uploads/ww2.jpg", "adventureform_choice": "waterbased"}}, {"model": "homepage.destination", "pk": 1, "fields": {"title": "Goa", "num_of_min_days": 4, "num_of_max_days": 8, "about_destination": "The party capital of India with amazing beauty to sooth your mind. \r\nEnjoy the chirp of birds sitting along the waves touching your feet in this amazing paradise.", "logo": "https://www.hlimg.com/images/places2see/738X538/Goa-cover-image_1472037578p.jpg", "associated_adventures": [5, 7, 10, 12]}}, {"model": "homepage.destination", "pk": 2, "fields": {"title": "Shimla", "num_of_min_days": 2, "num_of_max_days": 5, "about_destination": "", "logo": "https://images.thrillophilia.com/image/upload/s--HhJ_YxCr--/c_fill,f_auto,fl_strip_profile,h_600,q_auto,w_975/v1/images/photos/000/090/525/original/1466512867_f_5.png.jpg?1466512867", "associated_adventures": []}}, {"model": "homepage.destination", "pk": 3, "fields": {"title": "Manali", "num_of_min_days": 3, "num_of_max_days": 5, "about_destination": "", "logo": "https://images.thrillophilia.com/image/upload/s--HhJ_YxCr--/c_fill,f_auto,fl_strip_profile,h_600,q_auto,w_975/v1/images/photos/000/090/525/original/1466512867_f_5.png.jpg?1466512867", "associated_adventures": []}}, {"model": "homepage.destination", "pk": 4, "fields": {"title": "Leh", "num_of_min_days": 5, "num_of_max_days": 13, "about_destination": "", "logo": "https://images.thrillophilia.com/image/upload/s--GMZWDog_--/c_fill,f_auto,fl_strip_profile,h_600,q_auto,w_975/v1/images/photos/000/029/800/original/1512035243_Ladakh-Home.jpg.jpg?1512035237", "associated_adventures": []}}, {"model": "homepage.destination", "pk": 5, "fields": {"title": "Kheerganga", "num_of_min_days": 3, "num_of_max_days": 5, "about_destination": "", "logo": "https://images.thrillophilia.com/image/upload/s--wyjlTeNm--/c_fill,f_auto,fl_strip_profile,h_600,q_auto,w_975/v1/images/photos/000/100/453/original/1473167171_kasol_4.jpg.jpg?1473167171", "associated_adventures": []}}, {"model": "homepage.destination", "pk": 6, "fields": {"title": "Kasol", "num_of_min_days": 3, "num_of_max_days": 5, "about_destination": "", "logo": "https://images.thrillophilia.com/image/upload/s--wyjlTeNm--/c_fill,f_auto,fl_strip_profile,h_600,q_auto,w_975/v1/images/photos/000/100/453/original/1473167171_kasol_4.jpg.jpg?1473167171", "associated_adventures": []}}, {"model": "homepage.destination", "pk": 7, "fields": {"title": "Jaipur", "num_of_min_days": 2, "num_of_max_days": 3, "about_destination": "", "logo": "https://www.tripsavvy.com/thmb/EBjH0BxiK6vMaTfKibrQv1q91To=/960x0/filters:no_upscale():max_bytes(150000):strip_icc()/GettyImages-481776206-58fde26a5f9b581d59810c1d.jpg", "associated_adventures": []}}, {"model": "homepage.destination", "pk": 8, "fields": {"title": "Jodhpur", "num_of_min_days": 2, "num_of_max_days": 4, "about_destination": "", "logo": "https://www.tripsavvy.com/thmb/EBjH0BxiK6vMaTfKibrQv1q91To=/960x0/filters:no_upscale():max_bytes(150000):strip_icc()/GettyImages-481776206-58fde26a5f9b581d59810c1d.jpg", "associated_adventures": []}}, {"model": "homepage.destination", "pk": 9, "fields": {"title": "Mcleodganj", "num_of_min_days": 3, "num_of_max_days": 5, "about_destination": "", "logo": "https://www.holidify.com/images/bgImages/MCLEODGANJ.jpg", "associated_adventures": [9, 11]}}, {"model": "homepage.destination", "pk": 10, "fields": {"title": "Ladakh", "num_of_min_days": 4, "num_of_max_days": 6, "about_destination": "", "logo": "https://images.thrillophilia.com/image/upload/s--Id-8JqdJ--/c_fill,f_auto,fl_strip_profile,h_600,q_auto,w_975/v1/images/photos/000/106/620/original/1485945967_ladakh_img_5.jpg.jpg?1485945966", "associated_adventures": []}}, {"model": "homepage.destination", "pk": 11, "fields": {"title": "Lonavala", "num_of_min_days": 0, "num_of_max_days": 0, "about_destination": "Lonavala is a district in Maharashtra.", "logo": "https://d27k8xmh3cuzik.cloudfront.net/wp-content/uploads/2017/07/Stunning-monsoon-weekend-drives-from-Mumbai-Lonvala-1024x685.jpg", "associated_adventures": [3]}}, {"model": "homepage.destination", "pk": 12, "fields": {"title": "Bangalore", "num_of_min_days": 0, "num_of_max_days": 0, "about_destination": "Banglore is the It Hub and the beautiful city of South.", "logo": "https://www.tripsavvy.com/thmb/-BYy_dpdG3UkGhbnZ0q2qkUFFgk=/960x0/filters:no_upscale():max_bytes(150000):strip_icc()/GettyImages-536116268-5b5d74e846e0fb0050adcf3b.jpg", "associated_adventures": [3]}}, {"model": "homepage.destination", "pk": 13, "fields": {"title": "Andaman And Nicobar", "num_of_min_days": 10, "num_of_max_days": 15, "about_destination": "The coral king of the Indian Ocean.", "logo": "https://i.ytimg.com/vi/7dt_SEGVam8/hqdefault.jpg", "associated_adventures": [7, 13]}}, {"model": "homepage.itenary", "pk": 1, "fields": {"details": "<p><strong>Day 01:</strong></p>\r\n<p><strong>&bull;</strong> Departure from Delhi Railway station to Goa. 14th January</p>\r\n<p><strong>Day 02:</strong></p>\r\n<p>&bull; Arrival Madgaon in the evening.</p>\r\n<p>&bull; And Goa is On!</p>\r\n<p>&bull; Transfer from Railway station to the 3* Resort in North Goa.</p>\r\n<p>&bull; Check-in and Room allotment on quad sharing.</p>\r\n<p>&bull; Rest? No! Explore on your own or sit by pool and gossip about friend who cancelled the plan yet again.</p>\r\n<p>&bull; Have your Dinner at the resort. 15th January</p>\r\n<p><strong> Day 03:</strong></p>\r\n<p>&bull; Wake up in the fresh air of Goa, freshen up and have your Breakfast as adventure awaits you.</p>\r\n<p>&bull; Reach Calangute&rsquo;s famous beach for the water adventure.</p>\r\n<p>&bull; Enjoy Jet Ski in the waves of open sea.</p>\r\n<p>&bull; Get hauled in the middle of the sea atop an inflatable banana boat.</p>\r\n<p>&bull; Enjoy Boat ride with friends.</p>\r\n<p>&bull; Spend some time at the beach and watch sun setting in the waters, yup it is as beautiful as it sounds. &bull; Reach back to resort for Dinner &bull; Have your Dinner in resort.</p>\r\n<p>&bull; After Dinner either go for a walk or rest in your room.</p>\r\n<p><strong>16th January Day 04:</strong></p>\r\n<p>&bull; Wake up and have your Breakfast in the resort.</p>\r\n<p>&bull; And prepare yourself, as a pool party is coming your way!</p>\r\n<p>&bull; In the afternoon enjoy Pool Party, jump in to the pool and dance on the beats with beverages (ya right beverages, wink!).</p>\r\n<p>&bull; Make the party worth remembering.</p>\r\n<p>&bull; Get tired of Dancing and have Dinner in the resort. 17th January</p>\r\n<p><strong>Day 05:</strong></p>\r\n<p>&bull; Wake up with a smile, you are in Goa. Have your Breakfast in the Resort</p>\r\n<p>&bull; Explore Goa on your own now take a Self-drive (at own cost) like most people do and explore.</p>\r\n<p>&bull; Explore South Goa beaches and markets on your own.</p>\r\n<p>&bull; Come back to the Resort in Evening. &bull; Spend time around bonfire and chitchat with friends.</p>\r\n<p>&bull; Nothing beats Live Music around a bonfire and to make this trip unbeatable we do have it.</p>\r\n<p>&bull; Gala time &bull; Have Dinner in the Resort</p>\r\n<p><strong>18th January Day 06:</strong></p>\r\n<p>&bull; Wake up in the morning and have Breakfast in the resort.</p>\r\n<p>&bull; Check-out from the hotel &bull; Transfer to Railway station.</p>\r\n<p>&bull; Back Journey to Home.</p>\r\n<p><strong>Day 07:</strong></p>\r\n<p>&bull; Reach back home in the evening with lots of memories to make that friend jealous who cancelled.</p>", "destination": 1}}, {"model": "homepage.itenary", "pk": 2, "fields": {"details": "Day 1: ARRIVAL\r\n\r\nTransfer to hotel and get freshen up. This is acclimatization day so no other works to do. Dinner and overnight stay. \r\n\r\nDay 2: LEH (SIGHT SEEING) \r\n\r\nAfter having breakfast proceed towards the market where your Bullet will be waiting for you. Take your rides and explore leh whole day. \r\n\r\nDay 3: LEH \u2013 NUBRA \r\n\r\nBreakfast at the hotel. Early Morning Leave Leh for NUBRA VALLEY passing through Horzey & Gangles Village. The road then rises to reach Khardungla (5602 Mts.) the world\u2019s highest Motorable road & enjoy the landscape & the beautiful birds eye view of the Leh town. Halt for a picnic lunch at Khardungla village. Later proceed to Khalsar at Shyok Valley 35 Kms by drive. The road after crossing Khalsar Bridge at Shyok River enters Nubra Valley & then proceed along the Nubra River to arrive in the afternoon at Tegar or Kyegar as local call it. Meals & Overnight stay in tents at Lhari-Mo North Camp at Sumur (Kyegar & Sumur are very close by) OR At Tirith Camp at Tirith. Dinner and overnight at the Camp.\r\n\r\nDay 4: NUBRA \u2013 PANGONG\r\nLeave early morning after breakfast leave for Pangong Lake through Changla passes 5486 Mtrs. While ascending Changla pass 5486 mtrs enjoy the beautiful panoramic view of the villages below the pass. After crossing the pass halt for picnic lunch at Tsoltak, the summer pastureland of the yaks. Arrive Durbuk and from there a short drive takes you to the western shore of the lake. Dinner & overnight stay at Hotel / Camp in Pangong.\r\n\r\nDay 5: PANGONG LAKE \u2013 LEH \r\n\r\nEnjoy the landscape in the back drop of the Lake. This famous blue brackish Lake of Pangong is 5-6 Kms wide and over 144 Kms long with half of it running the other side of the \u201cINDO CHINA BORDER\u201d. In the late afternoon drive back to Leh. Dinner & overnight stay in Leh.\r\n\r\nDAY 6: LEH \u2013 LEH AIRPORT \r\n\r\nHave you breakfast in the morning and we move towards the leh airport to reach back home.", "destination": 4}}, {"model": "homepage.itenary", "pk": 3, "fields": {"details": "Day 01:\r\nReach Barshaini which is 10 kms from Manikaran from where the trek will start. En-route amidst by the lush green meadows and mesmerizing beauty of parvati valley and waterfalls. Reach campsite and check-in, enjoy dinner at 3000m height and overnight stay in camps. Enjoy weather and beauty of raw camping and adventure at its best.\r\n\r\nDay 02:\r\nWake up in the morning and go for a dip in natural Jaccuzi, the hot water spring is what Kheerganga is famous for so you cannot miss that, have your breakfast and leave for Barshaini.\r\n\r\nDay 03:\r\nHave a visit to the famous holy place Manikaran and experience a born fire night at Kasol.", "destination": 5}}, {"model": "homepage.itenary", "pk": 4, "fields": {"details": "Day1- Depart at 9 PM from Patiala/Chd.\r\nDay2- Reach Narkanda at 8 AM Camp check-in where breakfast will be served. After breakfast gets ready for the trek to Hatu peak/Dertu. Packed food will be served after trekking, then trek down to camps, relax for some time then enjoy your dinner with Bonfire and some light music.\r\nOvernight stay at camps.\r\nDay3- Pack your bags then proceed to Narkanda, have your breakfast there then we proceed to Shimla, from where you can enjoy your cycling also from Shimla to aHssan valley( 4-5 km cycling ),\r\nthen Shimla- sightseeing, then we depart at 10 PM from Shimla.\r\nDay4- Reach back Patiala/Chd at 6 AM.\r\nPLACES OF INTEREST\r\nHATU PEAK (3300m): 8 km from Narkanda, the road is surrounded by pine and spruce trees. On top of the hill, ancient Hatu Mata temple is located. The peak offers a spectacular view of the entire Himalayan ranges, snow clad mountains and in depths are the dense forests, green fields, and apple orchards. Hiking is recommended to reach the peak\r\n\r\nKACHERI (1810m): This place is located 0.5 km from Oddi, and 7 km from Narkanda on NH \u2013 22 and famous for ancient Mahamaya Temple.\r\n\r\nKOTGARH AND THANEDHAR (1830m): 17 km link road bifurcating from Narkanda takes you to the Himachal\u2019s Horticultural heartland, Kotgarh, and Thanedhar, renown for apple orchards. The famous Stokes Farm is located at Thanedhar. Stokes came to India on a trip and while on a summer visit to Shimla, fell in love with its environments, which included the charming hill folk and settled down in Kotgarh. He started the apple farm which soon became renown with its Red Delicious, Golden Delicious and Royal Delicious,  30 minute applies.\r\n\r\nJALLORI PASS (3,550 m): 90 km from Narkanda, passing through the Sutlej Valley and crossing over to Luhri, Ani, Khang through one of the best scenery in the Kullu Valley takes you to Jallori30-minutelevel walk from the Pass takes you to Sarolsar Lake among deep forests. See nature at it\u2019s best.", "destination": 2}}, {"model": "homepage.itenary", "pk": 5, "fields": {"details": "Day 01-\r\nDeparture at 7 PM (fixed departure) in deluxe ac (push back) bus.\r\n\r\nDay 02 \u2013 Mcleodganj\r\nHault in the midway for breakfast and proceed forward for Mcleodganj. Reach the hotel and check-in. Rest for sometime and Now proceed for Local Sightseeing like Dalai Lama Palace, Tibetian Institute. Lunch at the streets of mcleodganj. After Lunch Proceed for Local Sightseeing like St. John Church, Dal Lake, Bagsunag Temple. Recommended place around would be the bhagsu waterfall, Shiva cafe or if you\u2019re a Mexican food lover than cafe carpedium on the temple road are the places which you need to explore. Evening free for Shopping. Also you can leave for Dharamshala or Dal lake which is in close proximity to the hotel. Reach back to the hotel and get set go on the dance floor as the Dj setup is waiting for you. Exhaust yourself on the floor and Dinner will be served for you & Overnight stay at the Hotel.\r\n\r\nDay 03- Triund\r\nWake up feel refreshed in the morning air and After Having Breakfast proceed for Triund Trekking. Start from Dharamkot and proceed towards Triund. Lunch will be served at the top. After filling up and wondering around we stay overnight in camp in Triund and bonfire will be lit up. Sit around bonfire and dinner will be served to you. Dinner and overnight stay in Triund at Camp.\r\n\r\nDay 04-\r\nWe will reach back early morning . Tour Ends With Sweet Memories with team Howdy Highlands.", "destination": 9}}, {"model": "homepage.inclusion", "pk": 1, "fields": {"title": "Travel", "icon": "documents/inclusions/Webalys-Kameleon.pics-Bus.ico"}}, {"model": "homepage.inclusion", "pk": 2, "fields": {"title": "All Breakfast & Dinner", "icon": "documents/inclusions/meal.png"}}, {"model": "homepage.inclusion", "pk": 3, "fields": {"title": "Stay", "icon": "documents/inclusions/hotel-png-14.png"}}, {"model": "homepage.inclusion", "pk": 4, "fields": {"title": "River Rafting", "icon": "documents/inclusions/3748170dd140a279bddbd504b272e93f-river-rafting-sport-silhouette-by-vexels.png"}}, {"model": "homepage.inclusion", "pk": 5, "fields": {"title": "Dj Night", "icon": "documents/inclusions/119012-200.png"}}, {"model": "homepage.inclusion", "pk": 6, "fields": {"title": "Bonfire", "icon": "documents/inclusions/bonfire-11530994794w2t0lz0zep.png"}}, {"model": "homepage.adventurevendor", "pk": 1, "fields": {"name": "Lonavala Bungee Jump", "associated_adventure": 3, "contact_number": 180030705050, "location": "Kunegaon, Lonavala, Maharashtra 410 401, India", "destination": 11}}, {"model": "homepage.adventurevendor", "pk": 2, "fields": {"name": "Bangalore Bungee Jum", "associated_adventure": 3, "contact_number": 8023561871, "location": "Ozone, # 75, novelty house 1 Block, Railway Parallel Rd, Kumarapark West, Sheshadripuram, Bengaluru,", "destination": 12}}, {"model": "homepage.adventurevendor", "pk": 3, "fields": {"name": "Scuba Diving Andaman", "associated_adventure": 7, "contact_number": 9566088560, "location": "Beach No.3, Govind Nagar, Havelock Island, Andaman and Nicobar Islands 744211", "destination": 13}}, {"model": "homepage.adventurevendor", "pk": 4, "fields": {"name": "Parasailing Goa", "associated_adventure": 12, "contact_number": 8555858885, "location": "Goa, South", "destination": 1}}, {"model": "homepage.adventurevendor", "pk": 5, "fields": {"name": "Kheerganga Trekkers", "associated_adventure": 9, "contact_number": 9999888456, "location": "Kheerganga", "destination": 5}}, {"model": "homepage.destinationpackage", "pk": 1, "fields": {"snoi": 3, "title": "Goa Semester Relaxation", "logo": "documents/destinationpackage/Palolem_beach.jpg", "destination": 1, "head_description": "<p><strong>Level</strong>: Average</p>\r\n<p><strong> Route</strong>: Rumsu - Chikka - Balu Ka Ghera - Shia Goru - Chatru - Chandra Taal</p>\r\n<p><strong> Height</strong>: 14, 100 ft</p>\r\n<p>The Chandratal Lake Trek with Hampta Pass is a treasure trove for the ardent as well amateur trekkers, holds the charm and allurement like any other treks in the Himalayas. Although a short trek, the scenic landscape exposes trails that meander through alpine forests, huge rock formations, and remarkably rich vegetation.</p>", "property_rating": 4, "package_description": "<p><span><strong>Level:</strong> Average</span></p>\r\n<p><span><strong>Route:&nbsp; Rumsu - Chikka - Balu Ka Ghera - Shia Goru - Chatru - Chandra Taal</strong></span></p>\r\n<p><span><strong>Height</strong>: 14, 100 ft</span></p>\r\n<p>&nbsp;</p>\r\n<p><span>The Chandratal Lake Trek with Hampta Pass is a treasure trove for the ardent as well amateur trekkers,&nbsp;holds the charm and allurement like any other treks in the Himalayas.</span></p>\r\n<p><span>Although a short trek, the scenic&nbsp;landscape exposes trails that meander through alpine forests, huge rock formations, and remarkably rich&nbsp;vegetation.</span></p>\r\n<p><span>Not only does the Chandratal Lake trekking experience introduces you to the captivating beauty of the</span><br /><span>Himalayan meadows, cold desert, flora and fauna of the Lahual and Spiti valley, it also get you close to</span><br /><span>the life and spirit amidst the lofty peaks. With easy gradients, climbs and descends, this trek will definitely</span><br /><span>satiate all your quench for trekking in the Indian Himalayas.</span></p>\r\n<p>&nbsp;</p>\r\n<p><span><strong>Exclusions:</strong></span></p>\r\n<ul>\r\n<li>Travel from chandigarh to Naggar</li>\r\n<li>Personal Expenses.</li>\r\n<li>Camera Charges.</li>\r\n<li>Tips / Mineral Water / Beverages.</li>\r\n<li>Insurance of any kind.</li>\r\n<li>Medical and Evacuation Charges.</li>\r\n</ul>", "price_for_one": 6500, "price_for_four": 6400, "price_for_seven": 6200, "price_for_twelve": 5900, "price_for_eighteen": 5000, "duration": 5, "duration_nights": 4, "best_seasons_to_visit": "spring", "included_adventure": [3, 7], "inclusions": [1, 2, 3, 4, 5, 6]}}, {"model": "homepage.destinationpackage", "pk": 2, "fields": {"snoi": 2, "title": "Leh Ladakh SightSeeing", "logo": "documents/destinationpackage/1513416851_leh_ladakh.jpg.webp", "destination": 4, "head_description": "Leh, a district in the state of Jammu & Kashmir situated at an altitude of 3500m and is famous for its cold deserted climate. It offers astonishing views for explorers and is a must visit place before you die.", "property_rating": 4, "package_description": "", "price_for_one": 14000, "price_for_four": null, "price_for_seven": null, "price_for_twelve": null, "price_for_eighteen": null, "duration": 6, "duration_nights": 7, "best_seasons_to_visit": "summer", "included_adventure": [10, 11, 4, 6, 9], "inclusions": [1, 2, 3]}}, {"model": "homepage.destinationpackage", "pk": 3, "fields": {"snoi": 1, "title": "Trekking in Mcleodganj Triund", "logo": "documents/destinationpackage/Mcleodganj-1-600x400.jpg", "destination": 9, "head_description": "McLeod Ganj is a suburb of Dharamshala in Kangra district of Himachal Pradesh, India. It is known as \"Little Lhasa\" or \"Dhasa\" because of its large population of Tibetans.\r\nWith an amazing view.", "property_rating": 5, "package_description": "", "price_for_one": 7000, "price_for_four": null, "price_for_seven": null, "price_for_twelve": null, "price_for_eighteen": null, "duration": 4, "duration_nights": 5, "best_seasons_to_visit": "summer", "included_adventure": [9, 11], "inclusions": [1, 2, 3, 4]}}, {"model": "homepage.destinationpackage", "pk": 4, "fields": {"snoi": 4, "title": "Goa December Fun", "logo": "documents/destinationpackage/HOWDY1-2.jpg", "destination": 1, "head_description": "<p>The best chilling packageGoa is a state in western India with coastlines stretching along the Arabian Sea. Its long history as a Portuguese colony prior to 1961 is evident in its preserved 17th-century churches and the area&rsquo;s tropical spice plantations. Goa is also known for its beaches, ranging from popular stretches at Baga and Palolem to those in laid-back fishing villages such as Agonda.</p>", "property_rating": 4, "package_description": "<p>Goa is a state in western India with coastlines stretching along the Arabian Sea. Its long history as a Portuguese colony prior to 1961 is evident in its preserved 17th-century churches and the area&rsquo;s tropical spice plantations. Goa is also known for its beaches, ranging from popular stretches at Baga and Palolem to those in laid-back fishing villages such as Agonda.</p>", "price_for_one": 5500, "price_for_four": 4700, "price_for_seven": 4200, "price_for_twelve": 4000, "price_for_eighteen": 3700, "duration": 5, "duration_nights": 4, "best_seasons_to_visit": "winter", "included_adventure": [3, 5], "inclusions": [1, 2, 3, 5, 6]}}, {"model": "homepage.destinationpackage", "pk": 5, "fields": {"snoi": 6, "title": "kanatal", "logo": "documents/destinationpackage/Bhrigu-Lake.jpg", "destination": 9, "head_description": "<p>amazing place to visit.</p>", "property_rating": 4, "package_description": "", "price_for_one": 5500, "price_for_four": null, "price_for_seven": null, "price_for_twelve": null, "price_for_eighteen": null, "duration": 4, "duration_nights": 3, "best_seasons_to_visit": "summer", "included_adventure": [], "inclusions": [1, 2, 4, 5, 6]}}, {"model": "homepage.upcomingtrip", "pk": 1, "fields": {"title": "Kasol and Kheerganga Trek", "logo": "documents/Kasol-kheerganga-trek-near-kullu_y1txk8.jpg", "departure": "Delhi", "start_date": "2018-04-20", "end_date": "2018-04-24", "head_description": "Get ready to experience a mesmerising view in the heart of Parvati Valley and for a thrilling trek to Kheerganga. And be prepared to feel the essence of purity in the heart of Himachal.", "price": 3500, "discount_price": 3100, "duration": 4, "itenary": 3, "destination": [5, 6], "associated_adventures": [9, 11], "inclusions": [1, 2, 3, 6]}}, {"model": "homepage.upcomingtrip", "pk": 2, "fields": {"title": "Howdy Party at Goa", "logo": "documents/Goa_Goa_Vagator_The-beautiful-Vagator-beach-in-Goa.jpg", "departure": "Delhi", "start_date": "2018-04-26", "end_date": "2018-05-01", "head_description": "Howdy Goa Trip Itinerary Goa! India\u2019s answer to Ibiza. From the relics of old Goa to the beaches of Baga and Calangute to flamed flea markets. Here is your complete itinerary for the Youth trip to Goa.", "price": 9000, "discount_price": 7500, "duration": 5, "itenary": 1, "destination": [1], "associated_adventures": [7, 10, 11], "inclusions": [1, 2, 3, 5, 6]}}, {"model": "homepage.upcomingtrip", "pk": 3, "fields": {"title": "Trekking in Mcleodganj Triund", "logo": "documents/Mcleodganj-1-600x400.jpg", "departure": "Patiala/Chandigarh", "start_date": "2018-04-18", "end_date": "2018-04-22", "head_description": "McLeod Ganj is a suburb of Dharamshala in Kangra district of Himachal Pradesh, India. It is known as \"Little Lhasa\" or \"Dhasa\" because of its large population of Tibetans.\r\nWith an amazing view.McLeod Ganj is a suburb of Dharamshala in Kangra district of Himachal Pradesh, India. It is known as \"Little Lhasa\" or \"Dhasa\" because of its large population of Tibetans.\r\nWith an amazing view.", "price": 7000, "discount_price": 6000, "duration": 4, "itenary": 5, "destination": [9], "associated_adventures": [9, 10, 11], "inclusions": [1, 2, 3, 4, 5, 6]}}, {"model": "homepage.upcomingtripitinerary", "pk": 1, "fields": {"upcoming_trip_package": 3, "day_detail": "<ul>\r\n<li><span><strong>Day 01</strong>- Departure at 7 PM (fixed departure) in deluxe ac (push back) bus.</span></li>\r\n</ul>"}}, {"model": "homepage.upcomingtripitinerary", "pk": 2, "fields": {"upcoming_trip_package": 3, "day_detail": "<ul>\r\n<li><span><strong>Day 02</strong> &ndash; Mcleodganj Hault in the midway for breakfast and proceed forward for Mcleodganj.<br /><br /></span></li>\r\n<li><span>Reach the hotel and check-in. Rest for sometime and Now proceed for Local Sightseeing like Dalai Lama Palace, Tibetian Institute.<br /><br /></span></li>\r\n<li><span>Lunch at the streets of mcleodganj. After Lunch Proceed for Local Sightseeing like St. John Church, Dal Lake, Bagsunag Temple.<br /><br /></span></li>\r\n<li><span>Recommended place around would be the bhagsu waterfall, Shiva cafe or if you&rsquo;re a Mexican food lover than cafe carpedium on the temple road are the places which you need to explore.<br /><br /></span></li>\r\n<li><span>Evening free for Shopping. Also you can leave for Dharamshala or Dal lake which is in close proximity to the hotel.<br /><br /></span></li>\r\n<li><span>Reach back to the hotel and get set go on the dance floor as the Dj setup is waiting for you.<br /><br /></span></li>\r\n<li><span>Exhaust yourself on the floor and Dinner will be served for you &amp; Overnight stay at the Hotel.</span></li>\r\n</ul>"}}, {"model": "homepage.upcomingtripitinerary", "pk": 3, "fields": {"upcoming_trip_package": 3, "day_detail": "<ul>\r\n<li><span>Day 03- Triund Wake up feel refreshed in the morning air and After Having Breakfast proceed for Triund Trekking. Start from Dharamkot and proceed towards Triund.<br /><br /></span></li>\r\n<li><span>Lunch will be served at the top. After filling up and wondering around we stay overnight in camp in Triund and bonfire will be lit up.<br /><br /></span></li>\r\n<li><span>Sit around bonfire and dinner will be served to you. Dinner and overnight stay in Triund at Camp.</span></li>\r\n</ul>"}}, {"model": "homepage.upcomingtripitinerary", "pk": 4, "fields": {"upcoming_trip_package": 3, "day_detail": "<ul>\r\n<li><span>Day 04- We will reach back early morning . Tour Ends With Sweet Memories with team Howdy Highlands.</span></li>\r\n</ul>"}}, {"model": "homepage.grouppackageitenerary", "pk": 1, "fields": {"destination_package": 1, "day_detail": "<p>&nbsp;&bull; Departure from Delhi Railway station to Goa. 14th January</p>"}}, {"model": "homepage.grouppackageitenerary", "pk": 2, "fields": {"destination_package": 1, "day_detail": "<p>&bull; Arrival Madgaon in the evening.<br />&bull; And Goa is On!<br />&bull; Transfer from Railway station to the 3* Resort in North Goa.&nbsp;Check-in and Room allotment on quad sharing.<br />&bull; Rest? No! Explore on your own or sit by pool and gossip about friend who cancelled the plan yet again.<br />&bull; Have your Dinner at the resort. 15th January</p>\r\n<p>&nbsp;</p>"}}, {"model": "homepage.grouppackageitenerary", "pk": 3, "fields": {"destination_package": 1, "day_detail": "<p><span>&bull; Wake up in the fresh air of Goa, freshen up and have your Breakfast as adventure awaits you.</span></p>\r\n<p><span>&bull; Reach Calangute&rsquo;s famous beach for the water adventure.</span></p>\r\n<p><span>&bull; Enjoy Jet Ski in the waves of open sea.</span></p>\r\n<p><span>&bull; Get hauled in the middle of the sea atop an inflatable banana boat.</span></p>\r\n<p><span>&bull; Enjoy Boat ride with friends.</span></p>\r\n<p><span>&bull; Spend some time at the beach and watch sun setting in the waters, yup it is as beautiful as it sounds. &bull; Reach back to resort for Dinner &bull; Have your Dinner in resort.</span></p>\r\n<p><span>&bull; After Dinner either go for a walk or rest in your room.</span></p>"}}, {"model": "homepage.grouppackageitenerary", "pk": 4, "fields": {"destination_package": 1, "day_detail": "<p>&bull; Wake up with a smile, you are in Goa. Have your Breakfast in the Resort</p>\r\n<p>&bull; Explore Goa on your own now take a Self-drive (at own cost) like most people do and explore.</p>\r\n<p>&bull; Explore South Goa beaches and markets on your own.</p>\r\n<p>&bull; Come back to the Resort in Evening. &bull; Spend time around bonfire and chitchat with friends.</p>\r\n<p>&bull; Nothing beats Live Music around a bonfire and to make this trip unbeatable we do have it.<br />Gala time</p>\r\n<p>&bull; Have Dinner in the Resort</p>"}}, {"model": "homepage.grouppackageitenerary", "pk": 5, "fields": {"destination_package": 1, "day_detail": "<p>&bull; Wake up in the morning and have Breakfast in the resort.</p>\r\n<p>&bull; Check-out from the hotel</p>\r\n<p>&bull; Transfer to Railway station.</p>\r\n<p>&bull;&nbsp;Back Journey to Home.</p>"}}, {"model": "homepage.grouppackagereview", "pk": 1, "fields": {"destination_package": 1, "customer_name": "Anshul Chauhan", "date_of_review": "2019-01-04", "review_content": "The best trip experience with anyone.", "customer_photo": "documents/customerphoto/harveyspec-img-5.jpg"}}, {"model": "homepage.grouppackagereview", "pk": 2, "fields": {"destination_package": 1, "customer_name": "Purushottam Meena", "date_of_review": "2019-01-02", "review_content": "The best goa experience anyone could have and it was wonderful tripping with them.\r\nThe best goa experience anyone could have and it was wonderful tripping with them.", "customer_photo": "documents/customerphoto/harveyspec-img-5_ZICEM8C.jpg"}}, {"model": "homepage.destinationimage", "pk": 1, "fields": {"destination": 1, "image": "http://s3.india.com/travel/wp-content/uploads/Goa_Goa_Vagator_The-beautiful-Vagator-beach-in-Goa.jpg"}}, {"model": "homepage.destinationimage", "pk": 2, "fields": {"destination": 1, "image": "http://s3.india.com/travel/wp-content/uploads/Goa_Goa_Vagator_Vagator-beach-in-Goa.jpg"}}, {"model": "homepage.destinationimage", "pk": 3, "fields": {"destination": 1, "image": "https://s-ec.bstatic.com/images/hotel/max1280x900/815/81575027.jpg"}}, {"model": "homepage.destinationimage", "pk": 4, "fields": {"destination": 1, "image": "http://s3.india.com/travel/wp-content/uploads/Goa_Goa_Vagator_Vagator-beach-in-Goa.jpg"}}, {"model": "homepage.destinationimage", "pk": 5, "fields": {"destination": 1, "image": "https://www.livemint.com/rf/Image-621x414/LiveMint/Period2/2017/12/16/Photos/Processed/goa5-k2VF--621x414@LiveMint.jpg"}}, {"model": "homepage.destinationimage", "pk": 6, "fields": {"destination": 1, "image": "https://s3.ap-south-1.amazonaws.com/zo-media/cache/_e8fda4761891bafb74df6a00249d17f1/Zostel_-_Calangute_GOA_-_1_1000x800.jpg"}}, {"model": "homepage.destinationimage", "pk": 7, "fields": {"destination": 4, "image": "https://media.cntraveller.in/wp-content/uploads/2017/01/goaresortlead-866x487.jpg"}}, {"model": "homepage.video", "pk": 1, "fields": {"link": "https://www.youtube.com/embed/iPMeJYuIVTg", "destination": 1}}, {"model": "homepage.video", "pk": 2, "fields": {"link": "https://www.youtube.com/embed/vJjbC_xoh3Y", "destination": 5}}, {"model": "homepage.video", "pk": 3, "fields": {"link": "https://www.youtube.com/embed/vjhEu3uBgnw", "destination": 4}}, {"model": "homepage.upcomingtripvideo", "pk": 1, "fields": {"link": "https://www.youtube.com/embed/SFDccedR-LU", "upcomingtrip": 3}}, {"model": "homepage.destinationpackagehighlights", "pk": 1, "fields": {"destination": 4, "title": "Parasailing"}}, {"model": "homepage.destinationpackagehighlights", "pk": 2, "fields": {"destination": 4, "title": "DJ Night"}}, {"model": "homepage.destinationpackagehighlights", "pk": 3, "fields": {"destination": 4, "title": "2 Meals"}}, {"model": "homepage.destinationpackagehighlights", "pk": 4, "fields": {"destination": 4, "title": "Paragliding"}}, {"model": "homepage.destinationpackagehighlights", "pk": 5, "fields": {"destination": 1, "title": "3-Star Stay"}}, {"model": "homepage.destinationpackagehighlights", "pk": 6, "fields": {"destination": 1, "title": "Parasailing"}}, {"model": "homepage.destinationpackagehighlights", "pk": 7, "fields": {"destination": 1, "title": "DJ-Night Bonfire"}}, {"model": "homepage.destinationpackagehighlights", "pk": 8, "fields": {"destination": 1, "title": "6 Sightseeingspots"}}, {"model": "homepage.upcomingtripimage", "pk": 1, "fields": {"destination": 3, "image": "https://www.holidify.com/images/bgImages/MCLEODGANJ.jpg"}}, {"model": "homepage.upcomingtripimage", "pk": 2, "fields": {"destination": 3, "image": "https://www.holidify.com/images/bgImages/MCLEODGANJ.jpg"}}, {"model": "homepage.upcomingtripimage", "pk": 3, "fields": {"destination": 3, "image": "https://www.holidify.com/images/bgImages/MCLEODGANJ.jpg"}}, {"model": "homepage.addon", "pk": 1, "fields": {"title": "Parasailing", "destination_package": 1, "price": 1500}}, {"model": "homepage.addon", "pk": 2, "fields": {"title": "Surfing", "destination_package": 1, "price": 800}}, {"model": "homepage.addon", "pk": 3, "fields": {"title": "Trekking", "destination_package": 1, "price": 600}}, {"model": "homepage.month", "pk": 1, "fields": {"month_of_year": "january"}}, {"model": "homepage.month", "pk": 2, "fields": {"month_of_year": "february"}}, {"model": "homepage.month", "pk": 3, "fields": {"month_of_year": "march"}}, {"model": "homepage.month", "pk": 4, "fields": {"month_of_year": "april"}}, {"model": "homepage.month", "pk": 5, "fields": {"month_of_year": "may"}}, {"model": "homepage.month", "pk": 6, "fields": {"month_of_year": "june"}}, {"model": "homepage.month", "pk": 7, "fields": {"month_of_year": "july"}}, {"model": "homepage.month", "pk": 8, "fields": {"month_of_year": "august"}}, {"model": "homepage.month", "pk": 9, "fields": {"month_of_year": "september"}}, {"model": "homepage.month", "pk": 10, "fields": {"month_of_year": "october"}}, {"model": "homepage.month", "pk": 11, "fields": {"month_of_year": "november"}}, {"model": "homepage.month", "pk": 12, "fields": {"month_of_year": "december"}}, {"model": "homepage.adventurepackage", "pk": 1, "fields": {"title": "Bungee Jumping Lonavala", "short_description": "Lonavala is one of the best and safest bungee jumping spots in India. It is also one of the closest spot for of Mumbai and Pune adventure junkies, located exactly halfway between the two.The Bungee jump height is 45 m and to do it you should be minimum 10 years old.", "adventure_form": "airbased", "destination": 11, "associated_adventure": 3, "price_per_person": 1300, "group_prices": 1100, "notes_for_activity": "<p><span>Clothing - Please dress according to the weather. Dress in comfortable, casual clothes. Skirts are not recommended! Footwear - Please refrain from wearing boots or anything that may interfere with ankle harnesses otherwise they will have to be removed prior to jumping. Trainers and securely fastened shoes are fine. Glasses / Contact lenses - Unfortunatley glasses and hard contact lenses cannot be worn however soft contact lenses for jumping are allowed.</span></p>", "level_of_difficulty_on_5": 3, "vendor": 1, "logo": "documents/adventurepackage/Bungee-Jumping-compressed.jpg", "months_of_year": [1, 2, 3, 4, 5, 6, 7, 8, 9, 10, 11, 12]}}, {"model": "homepage.adventurepackage", "pk": 2, "fields": {"title": "Bungee Jumping Bangalore", "short_description": "<p>Bangalore is known for offering memorable non-fixed bungee jumping in India. Proper safety measures are taken by the management for the visitors. Treat your eyes to the amazing sights when your reach your jump spot. It is going to be an amazing experience.</p>\r\n<p><strong> Height of Bungee Jumping</strong>: 25 m platform suspended from a 40 m high crane</p>\r\n<p><strong>Minimum Age</strong>: 18 years</p>", "adventure_form": "airbased", "destination": 12, "associated_adventure": 3, "price_per_person": 550, "group_prices": 500, "notes_for_activity": "<p><span>Clothing - Please dress according to the weather. Dress in comfortable, casual clothes. Skirts are not recommended! Footwear - Please refrain from wearing boots or anything that may interfere with ankle harnesses otherwise they will have to be removed prior to jumping. Trainers and securely fastened shoes are fine. Glasses / Contact lenses - Unfortunatley glasses and hard contact lenses cannot be worn however soft contact lenses for jumping are allowed</span></p>", "level_of_difficulty_on_5": 2, "vendor": 2, "logo": "documents/adventurepackage/Bungee-jump_FcvcZh5.jpg", "months_of_year": [1, 2, 3, 4, 5, 6, 9, 10, 11, 12]}}, {"model": "homepage.adventurepackage", "pk": 3, "fields": {"title": "Scuba diving", "short_description": "<p><span><strong>Beginner's Dive</strong></span><br /><span>No swimming skills required for this activity.</span><br /><span>videos and photographs are included</span><br /><span>Scuba diving certificate will be provided</span><br /><span>Scuba master accompanies with you in water</span></p>\r\n<p><span><strong>Specifications -</strong></span><br /><span>Maximum depth of the program is 8m.</span><br /><span><strong>Boat trip duration</strong>-25 minutes</span><br /><span>this is a morning dive.</span></p>", "adventure_form": "waterbased", "destination": 1, "associated_adventure": 7, "price_per_person": 4500, "group_prices": 4200, "notes_for_activity": "<p><span>Never drink and dive &ndash; Intoxication can put a diver in a compromised position. One being the inability to use common sense, and make rational judgments, especially when it involves safety. Don&rsquo;t eat a big meal before making your dive &ndash; You should wait at least two hours after eating before you make your dive. Diving on a full belly can put you in a dangerous situation. Not only creates the possibility of acquiring cramps, but also possible upchucking in your mouthpiece making it difficult to breathe. Never conceal any serious or chronic medical conditions you know to exist.</span></p>", "level_of_difficulty_on_5": 4, "vendor": 3, "logo": "documents/adventurepackage/scuba-diver-1050x700.jpg", "months_of_year": [1, 2, 3, 4, 5, 6, 9, 10, 11, 12]}}, {"model": "homepage.adventurepackage", "pk": 4, "fields": {"title": "Cycling lonavala", "short_description": "HELO", "adventure_form": "landbased", "destination": 11, "associated_adventure": 10, "price_per_person": 1600, "group_prices": null, "notes_for_activity": "<p>must carry courage.</p>", "level_of_difficulty_on_5": 4, "vendor": 1, "logo": "documents/adventurepackage/cycling_Z8wdcXh.jpeg", "months_of_year": [3]}}, {"model": "homepage.adventurepackage", "pk": 5, "fields": {"title": "Parasailing Goa", "short_description": "<p>The most amazing experience of flying above water and then slowly swiming down.</p>", "adventure_form": "waterbased", "destination": 1, "associated_adventure": 12, "price_per_person": 800, "group_prices": 700, "notes_for_activity": "<p>Please Note: Your clothes may get wet. So carry extra pair of clothes for after activity.</p>", "level_of_difficulty_on_5": 3, "vendor": 4, "logo": "documents/adventurepackage/cycling.jpeg", "months_of_year": [1, 2, 3, 4, 5, 6, 7, 8, 9, 10, 11]}}, {"model": "homepage.adventurepackage", "pk": 6, "fields": {"title": "Scuba Diving Goa", "short_description": "<p>Best scuba diving in corals.</p>", "adventure_form": "waterbased", "destination": 1, "associated_adventure": 7, "price_per_person": 4200, "group_prices": 4000, "notes_for_activity": "<p>gg</p>", "level_of_difficulty_on_5": 4, "vendor": 4, "logo": "documents/adventurepackage/Palolem_beach.jpg", "months_of_year": []}}, {"model": "homepage.requiredgear", "pk": 1, "fields": {"required_gear": 3, "title": "<p>Quick dry shorts/bathing suit.</p>"}}, {"model": "homepage.requiredgear", "pk": 2, "fields": {"required_gear": 3, "title": "<p>Synthetic shirt for warmth and sun protection.</p>"}}, {"model": "homepage.requiredgear", "pk": 3, "fields": {"required_gear": 3, "title": "<p>Sturdy footwear &ndash; sandals with straps (no flip-flops), sneakers, wetsuit boots.</p>"}}, {"model": "homepage.requiredgear", "pk": 4, "fields": {"required_gear": 2, "title": "<p>Full sleeves in legs.</p>"}}, {"model": "homepage.requiredgear", "pk": 5, "fields": {"required_gear": 6, "title": "<p>Extra shorts</p>"}}, {"model": "homepage.thingstodo", "pk": 1, "fields": {"title": "<a href=\"http://127.0.0.1:8000/postdetail/1/\" target=\"_blank\"> Dudhsagar Falls</a>", "destination": 1, "duration": "1 Day", "logo": "documents/ThingsToDo/Featured_Image.jpg.webp"}}, {"model": "homepage.thingstodo", "pk": 2, "fields": {"title": "Church in Goa", "destination": 1, "duration": "1 Day", "logo": "documents/ThingsToDo/St.-Andrews-Church.jpg"}}, {"model": "homepage.thingstodo", "pk": 3, "fields": {"title": "Calangute Beach", "destination": 1, "duration": "1 Day", "logo": "documents/ThingsToDo/118755122.jpg"}}, {"model": "homepage.thingstodo", "pk": 4, "fields": {"title": "Palolem Beach", "destination": 1, "duration": "1 Day", "logo": "documents/ThingsToDo/Palolem_beach.jpg"}}, {"model": "homepage.thingstodo", "pk": 5, "fields": {"title": "Coco Beach", "destination": 1, "duration": "1 Day", "logo": "documents/ThingsToDo/coco-beach.jpg"}}, {"model": "homepage.rental", "pk": 1, "fields": {"title": "Tents", "item": "Tent", "category": "tent", "price_per_day": 400, "price_after_three_days": 100, "logo": "https://www.rei.com/media/b940b48b-2fee-4dcf-9cdc-b1c98d52f6f7?size=1020x510", "associated_adventure": [7, 11]}}, {"model": "homepage.rental", "pk": 2, "fields": {"title": "Sleeping Bags", "item": "Sleeping Bag", "category": "sleepingbag", "price_per_day": 250, "price_after_three_days": 100, "logo": "https://www.phdesigns.co.uk/images/minim-400-down-sleeping-bag-22-7-14.png", "associated_adventure": [9, 11]}}, {"model": "homepage.rental", "pk": 3, "fields": {"title": "Rucksack", "item": "Rucksack", "category": "rucksack", "price_per_day": 150, "price_after_three_days": 50, "logo": "https://wildcraft.in/media/catalog/product/9/1/91NVlOQSXVL._SL1500__1.png", "associated_adventure": [5, 9, 11]}}, {"model": "homepage.rental", "pk": 4, "fields": {"title": "Go Pro Camera", "item": "Go Pro", "category": "accessory", "price_per_day": 400, "price_after_three_days": 200, "logo": "http://pngimg.com/uploads/gopro/gopro_PNG10002.png", "associated_adventure": [2, 3, 4, 5, 6, 7, 8, 9, 10, 11]}}, {"model": "homepage.rental", "pk": 5, "fields": {"title": "Sun Protect Glasses", "item": "Sun Glasses", "category": "accessory", "price_per_day": 200, "price_after_three_days": 100, "logo": "https://freepngimg.com/thumb/sunglasses/2-2-sunglasses-picture-thumb.png", "associated_adventure": [2, 3, 4, 9, 10, 11, 12]}}, {"model": "homepage.gallery", "pk": 1, "fields": {"title": "Howdy Trip To Rajasthan", "image": "http://morocco-exploration-trips.com/wp-content/gallery/group-tours/tripwithgroup.jpg"}}, {"model": "homepage.gallery", "pk": 2, "fields": {"title": "Fun at Triund", "image": "https://images.thrillophilia.com/image/upload/s--f3Sg2zK5--/c_fill,f_auto,fl_strip_profile,h_800,q_auto,w_1300/v1/images/photos/000/100/419/original/1473163191_triund.jpg.jpg?1473163191"}}, {"model": "homepage.gallery", "pk": 3, "fields": {"title": "Manali Group Trip", "image": "https://www.holidaytravelzone.com/bootstrap/images/package/uploads/original/Manali-Group-Tour-Package.jpg"}}, {"model": "homepage.articletag", "pk": 1, "fields": {"title": "Trekking"}}, {"model": "homepage.articletag", "pk": 2, "fields": {"title": "Adventure Thrill"}}, {"model": "homepage.articletag", "pk": 3, "fields": {"title": "Landbased Adventure"}}, {"model": "homepage.articletag", "pk": 4, "fields": {"title": "Himachal Treks"}}, {"model": "homepage.article", "pk": 1, "fields": {"title": "5 Unknown Treks in Himachal Pradesh", "logo": "https://i.pinimg.com/originals/b8/4c/63/b84c63e2041b344d02ddc15b37b4e625.jpg", "head_description": "If you've landed here, you're probably looking for a trek to do this summer. We understand it's hard for you to choose out of so many treks! So we've put down the 5 best treks to do this May and June.", "date_published": "2019-01-19", "destination": [1, 3, 5, 6, 9], "tag": [1, 2, 3, 4]}}, {"model": "homepage.article", "pk": 2, "fields": {"title": "Adventure Tours In Himachal", "logo": "http://www.howdyhighlands.in/wp-content/uploads/2018/03/1-1-872x636.jpg", "head_description": "Adventure tours in Himachal Pradesh are for individuals of any age and of differed tastes regarding activities. A large portion of such activities make use of hills in a few or the other route, as...", "date_published": "2018-04-16", "destination": [3, 5, 6], "tag": [2, 4]}}, {"model": "homepage.post", "pk": 1, "fields": {"title": "1. Charang Ghati Pass", "image": "http://www.howdyhighlands.in/wp-content/uploads/2018/04/Charang-ghati.jpg", "description": "<p><span>The trek to this ghati is on the troublesome side yet it&rsquo;s breathtaking for more than the view it offers. One, it is covered close to its beginning stage Kinnaur, which is encompassed by Tibet on the east, Garhwal on the south, Spiti Valley on the north and Kullu on the west. Second, given the various societies around the area, one can meet Kinnauri clan in transit and drench in their dialect and culture, which is an experience in itself. The base camp for the trek is Reckong Po which is accessible by road from Shimla, Delhi and different areas.</span></p>", "article": 1}}, {"model": "homepage.post", "pk": 2, "fields": {"title": "2. Darati Pass Trek", "image": "http://www.howdyhighlands.in/wp-content/uploads/2018/04/darati-pass-trek1.jpg", "description": "<p><span>A standout amongst the most unexplored treks in Himachal, this one takes you to the Pir Panjal run. It begins from Chamba and associates Churha valley with the Pangi Hills of the Himalayas.The far up to the go is through the Gujjar settlements that can be extremely useful to track your trail up the mountains. The trek begins simple and straightforward yet it turns out to be a significant experience as you draw near to the Darati Pass. This trek is situated in the high height of 4700 m, which makes it extreme however spectacular experience. The snow, solid breezes and even snow fall can be experienced and managed in transit. The drive to Chamba, regardless of which course you take is as troublesome as the trek itself. So go prepared!</span></p>", "article": 1}}, {"model": "homepage.post", "pk": 3, "fields": {"title": "3. Pin Parvati Trek", "image": "http://www.howdyhighlands.in/wp-content/uploads/2018/04/pin-parvati-pass-trek14.jpg", "description": "<p><span><strong>Pin Parvati</strong> pass isn&rsquo;t the most unheard area in the trekking circles, not to mention Himachal-particular treks. This pass was first traveled in 1884 to locate a backup way to go to Spiti Valley. The excellence of the trek lies in the enterprise and difficulties it postures while you appreciate the lavish green valley in Kullu and the magnificence of Spiti. The trek connects the Pin valley in Spiti and the Parvati Valley in Kullu, thus giving it the name it has. In transit, you will see thick elevated timberlands, ice sheet peaks, lakes and ofocurse the substantial snowfall gives it a great feeling that will stay scratched in your memory until the end of time.</span></p>", "article": 1}}, {"model": "homepage.post", "pk": 4, "fields": {"title": "4. Trek through Pabbar Valley", "image": "http://www.howdyhighlands.in/wp-content/uploads/2018/04/pabbar-valley.jpg", "description": "<p><span>This is a standout amongst the most unexplored treks that is carefully fit for first-timers and novices in the trekking world. The trek interfaces Shimla area to the Kinnaur valley, while you go through the thick forests,high knolls and the snow bound mountains that brings you into the apple plantations of the Sangia valley. It&rsquo;s an extraordinary trek on the off chance that you jump at the chance to investigate nearby culture while you climb your way up to the mountains.</span></p>", "article": 1}}, {"model": "homepage.post", "pk": 5, "fields": {"title": "5. Thachi Valley trek", "image": "http://www.howdyhighlands.in/wp-content/uploads/2018/04/Charang-ghati.jpg", "description": "<p><span>At a height of 3000 m above ocean level, this valley is found near the dazzling national Himalayan Park. It&rsquo;s a very quiet, untouched and absolutely unique area to consider trekking to. One can achieve the valley and afterward take basic treks to the pinnacles and waterfalls a couple of kms off the valley. You will not discover any lodgings, cabins or restaurants in Thachi however the local individuals will deal with that. As of late, local people have met up to advance their valley and motivate tourists to visit it.</span></p>", "article": 1}}, {"model": "homepage.post", "pk": 6, "fields": {"title": "1. Trekking in Himachal Pradesh", "image": "http://www.howdyhighlands.in/wp-content/uploads/2018/04/pin-parvati-pass-trek14.jpg", "description": "<p><span>Adventure tours in Himachal Pradesh are of various lengths and trouble levels for you to look over according to your desire or ability. The by walking endeavor to Hampta Pass is very prominent and is respected by every one of the individuals who have participated in it.</span></p>\r\n<p><strong><em>.Prashar Lake</em>&nbsp;Trek:</strong>&nbsp;One of the most beautiful weekend treks in Mandi.&nbsp;&hellip; The&nbsp;<em>Prashar Lake</em>&nbsp;trek is fit for individuals of all interest- and expertise levels.</p>\r\n<p><em><strong>&bull; Hampta Pass Trek:</strong>&nbsp;</em>Lying at an elevation of about 3960 meters, Hampta pass acts as a bridge between Kullu valley and Lahaul. While trekking, you will pass through amazing sights like thick forests of walnut, oak and pine trees, water streams and various villages located within the mountains. This trek is ideal for all the nature lovers as they can enjoy the beautiful spectrums of nature and remote culture.</p>\r\n<p><strong><em>&bull; Pin Parvati Pass Trek:</em></strong>&nbsp;With a maximum altitude of 17450 feet, this is a difficult trek and is recommended for seasoned trekkers.</p>\r\n<p><strong><em>&bull; Spiti Valley Trek with Homestay:</em>&nbsp;</strong>Spiti Valley is among the most remote places in the world to be inhabited and , trekking is an amazing way to explore this barren but beautiful valley! Trekking to some of the highest and marvellous monasteries and staying with the locals in a homestay will make your experience memorable. More about Trekking in Spiti Valley</p>\r\n<p><strong><em>&bull; Triund trek:</em></strong>&nbsp;A popular trekking destination in Himachal Pradesh, this salubrious hill entices its visitors with all its natural grandeur and appeal. While in Triund, you can easily gape in the astounding Dhauladhar Range on one side and the charismatic Kangra Valley on the other. Triund is at the foot of the Dhauladhar ranges and is at a height of 2,828 m.</p>", "article": 2}}, {"model": "homepage.post", "pk": 7, "fields": {"title": "2. Skiing in Himachal Pradesh", "image": "http://www.howdyhighlands.in/wp-content/uploads/2018/04/Audens-11.jpg", "description": "<p><span>Skiing is the ultimate sport to take up for making the most of adventure tours in Himachal Pradesh taken in the winter season. Skiing in the state is most famously held in Solang Valley.</span></p>\r\n<p><strong><em>&bull; Skiing in Solang Valley:</em></strong>&nbsp;The valley lies at an approximate elevation of 8400 feet above the sea. Board the gondola from its base station, and be transported to a height of around 9000 feet above sea level, to the top of the ski point. From here, there is an uninterrupted drop of over half-a-kilometre, which will make your heart beat faster.</p>\r\n<p><strong><em>&bull; Season:</em></strong>&nbsp;As it depends on the natural availability of snow, skiing will only be organised in the months of December, January and February.</p>\r\n<p><strong><em>&bull; Time:</em>&nbsp;</strong>The best time to ski is during the height of day, when the sun is at its strongest. This period is ideal for the activity as the heat will keep the snow fluffy, and prevent it from turning into ice.</p>", "article": 2}}, {"model": "homepage.post", "pk": 8, "fields": {"title": "3. Camping in Himachal Pradesh", "image": "http://www.howdyhighlands.in/wp-content/uploads/2018/04/Audens-11.jpg", "description": "<p>There is a horde of beautiful and serene locations if you want to take adventure tours in Himachal Pradesh to camp.Camping in Himachal Pradesh is certainly the best way to reconnect with nature. Discover the true shades of serene yet volatile landscapes by spending a day in the hills camping. Camping is probably the best holiday activity for those who are seeking for an escape from the mundane hustle and bustle of daily life.</p>\r\n<p><strong><em>&nbsp;Shimla:</em>&nbsp;</strong>The capital of the state is additionally among the principal spots to camp. Its beautiful magnificence, cool climate and tranquil outdoors spots make it a perfect place to invest your energy unobtrusively.</p>\r\n<p><strong><em>&bull; Dharamsala:</em>&nbsp;</strong>While remaining here in tents, make sure to click loads of photographs of the landscape of the territory and of the Dhauladhar Range.</p>\r\n<p><strong><em>&bull; Shoghi:</em></strong>&nbsp;Located roughly 5700 feet over the ocean, Shoghi is another stunning spot in the state to set up tents. The air sifted and scented by pine trees will keep you ever-new.</p>\r\n<p><strong><em>&bull; Sangla Valley:</em>&nbsp;</strong>The campgrounds here utilize the mountains to sort out energizing engagements like waterway crossing, rappelling and shake climbing.</p>\r\n<p><strong><em>&bull; Sojha:</em></strong>&nbsp;The town of Sojha has a height of around 8860 feet, and the scene here is totally secured by coniferous trees. Forests of fruits and apples make the place considerably prettier, and activities here incorporate trekking and untamed life spotting.</p>\r\n<p><em><strong>&bull; Thanedar:</strong></em>&nbsp;The apple capital of the state, Thanedar is honored with rich normal excellence and a cool atmosphere.</p>\r\n<p>Find out about other prevalent choices for Camping in Himachal Pradesh.</p>", "article": 2}}, {"model": "homepage.post", "pk": 9, "fields": {"title": "4. Paragliding in Himachal Pradesh", "image": "https://5.imimg.com/data5/XL/GY/GLADMIN-9125725/paragliding-package-500x500.png", "description": "<p><span>Go on dventure tours in Himachal Pradesh in the late spring season to participate in paragliding. The movement is prevalent in the state attributable to its slopes, which are utilized as propelling spots. Paragliding in the state is facilitated in Solang Valley, which has just been portrayed above, and the twin spots of Bir and Billing.</span></p>\r\n<p><strong><em>Paragliding in Bir Billing:</em></strong>&nbsp;The flights are propelled into the air from Bir, which has an elevation of around 7800 feet. When the time has come to descend, you will arrive at Billing, which has a height of around 5003 feet above ocean level.</p>\r\n<p>Find out about other prominent choices for Paragliding in Himachal Pradesh.</p>", "article": 2}}, {"model": "homepage.post", "pk": 10, "fields": {"title": "5. Motorbiking and Road Trips in Himachal Pradesh", "image": "http://www.howdyhighlands.in/wp-content/uploads/2017/05/IMG_9385-1920-1280-1024x683.jpg", "description": "<p><span>A portion of the best adventure tours in Himachal Pradesh take you from Manali along the thin and twisting streets of the mountains to Leh. You will drive through destinations like Sarchu, Gata Loops, Morey Plains, Baralacha La, Khardung La, Nubra Valley, Kargil, Dras, Pangong Tso, Keylong, Tanlang La and Rumtse. The level landscape of Morey Plains will give you a casual driving knowledge while the clasp curves of Gata Loops will send chills down your spine.</span></p>\r\n<p><em><strong>&bull; Delhi to Spiti Motorbike Expedition through Manali:</strong>&nbsp;</em>Nothing can be more daring than taking a 11 days&rsquo; bicycle excursion to India&rsquo;s a standout amongst the most unexplored and strange goals! The scenes of Spiti, the consistently changing shades of Chandratal Lake, 1000 years of age religious communities, and captivating Himalayan Peaks will blow your mind!</p>\r\n<p><em><strong>&bull; Motorbike Expedition from Manali to Ladakh:</strong></em>&nbsp;Escape to the heaven and burn through 15 days in the midst of the Himalayas! This bicycle excursion will offer you the ideal mix of infertile excellence and enterprise. From remote towns of Himachal Pradesh to the Land of High Altitude Passes, investigate the charming valleys on your fantasy bicycle trip!</p>\r\n<p>A drive through the streets in Himachal Pradesh will get you nearer to the crude magnificence in the midst of mountains. Driving through the Gata Loops of Manali-Leh Highway will be a standout amongst the most exciting encounters of your life. Ride on the Hindustan-Tibet Highway and investigate the Spiti Valley and its charming scenes.</p>", "article": 2}}, {"model": "homepage.howdystays", "pk": 1, "fields": {"title": "Hatu Peak, Narkhanda", "location": 2, "property_description": "<p>We bring in the most exquisite stays in India in the very heart of nature. Be away from all the daily bustles and hustles in life and enjoy a peaceful stay at our Hideout.&nbsp;</p>\r\n<p><strong>Find many more adventures and activities mentioned,&nbsp;</strong>and enjoy a pleasant stay with us.</p>", "price_per_room": 1500, "price_deluxe_room": null, "price_suite_room": null, "capacity_allowed": null, "ep_per_person": 0, "cp_per_person": 200, "ap_per_person": 350, "mapai_per_person": 400, "inclusions": [2, 3, 5, 6]}}, {"model": "homepage.howdystays", "pk": 2, "fields": {"title": "Goa", "location": 1, "property_description": "<p>onkmok</p>", "price_per_room": 2200, "price_deluxe_room": null, "price_suite_room": null, "capacity_allowed": 3, "ep_per_person": 2200, "cp_per_person": 2400, "ap_per_person": 2650, "mapai_per_person": 2800, "inclusions": [2, 3, 5, 6]}}, {"model": "homepage.stayaddon", "pk": 1, "fields": {"title": "Cycling", "destination_package": 1, "price": 200}}, {"model": "homepage.stayaddon", "pk": 2, "fields": {"title": "Rock Climbing", "destination_package": 1, "price": 600}}, {"model": "homepage.stayaddon", "pk": 3, "fields": {"title": "Bonfire", "destination_package": 1, "price": 250}}, {"model": "homepage.stayaddon", "pk": 4, "fields": {"title": "Cycling", "destination_package": 2, "price": 500}}, {"model": "homepage.stayaddon", "pk": 5, "fields": {"title": "Surfing", "destination_package": 2, "price": 400}}, {"model": "homepage.stayimage", "pk": 1, "fields": {"destination": 1, "image": "https://www.holidify.com/images/cmsuploads/compressed/hatu-peak_20180208151513.jpg"}}, {"model": "homepage.stayimage", "pk": 2, "fields": {"destination": 1, "image": "https://d27k8xmh3cuzik.cloudfront.net/wp-content/uploads/2017/09/acj-1309-hatu-peak-cover.jpg"}}, {"model": "homepage.stayimage", "pk": 3, "fields": {"destination": 1, "image": "https://d27k8xmh3cuzik.cloudfront.net/wp-content/uploads/2017/09/acj-1409-hatu-peak-stays-the-hatu.jpg"}}, {"model": "homepage.stayimage", "pk": 4, "fields": {"destination": 2, "image": "https://d27k8xmh3cuzik.cloudfront.net/wp-content/uploads/2017/09/acj-1409-hatu-peak-stays-the-hatu.jpg"}}, {"model": "homepage.stayimage", "pk": 5, "fields": {"destination": 2, "image": "https://d27k8xmh3cuzik.cloudfront.net/wp-content/uploads/2017/09/acj-1409-hatu-peak-stays-the-hatu.jpg"}}]