[{"model": "contenttypes.contenttype", "pk": 1, "fields": {"app_label": "admin", "model": "logentry"}}, {"model": "contenttypes.contenttype", "pk": 2, "fields": {"app_label": "auth", "model": "group"}}, {"model": "contenttypes.contenttype", "pk": 3, "fields": {"app_label": "auth", "model": "permission"}}, {"model": "contenttypes.contenttype", "pk": 4, "fields": {"app_label": "auth", "model": "user"}}, {"model": "contenttypes.contenttype", "pk": 5, "fields": {"app_label": "contenttypes", "model": "contenttype"}}, {"model": "contenttypes.contenttype", "pk": 6, "fields": {"app_label": "sessions", "model": "session"}}, {"model": "contenttypes.contenttype", "pk": 7, "fields": {"app_label": "homepage", "model": "destination"}}, {"model": "contenttypes.contenttype", "pk": 8, "fields": {"app_label": "homepage", "model": "destinationpackage"}}, {"model": "contenttypes.contenttype", "pk": 9, "fields": {"app_label": "homepage", "model": "upcomingtrip"}}, {"model": "contenttypes.contenttype", "pk": 10, "fields": {"app_label": "homepage", "model": "adventure"}}, {"model": "contenttypes.contenttype", "pk": 11, "fields": {"app_label": "homepage", "model": "itenary"}}, {"model": "contenttypes.contenttype", "pk": 12, "fields": {"app_label": "homepage", "model": "destinationimage"}}, {"model": "contenttypes.contenttype", "pk": 13, "fields": {"app_label": "homepage", "model": "adventurepackage"}}, {"model": "contenttypes.contenttype", "pk": 14, "fields": {"app_label": "homepage", "model": "rental"}}, {"model": "contenttypes.contenttype", "pk": 15, "fields": {"app_label": "homepage", "model": "gallery"}}, {"model": "contenttypes.contenttype", "pk": 16, "fields": {"app_label": "homepage", "model": "post"}}, {"model": "contenttypes.contenttype", "pk": 17, "fields": {"app_label": "homepage", "model": "article"}}, {"model": "contenttypes.contenttype", "pk": 18, "fields": {"app_label": "homepage", "model": "addon"}}, {"model": "contenttypes.contenttype", "pk": 19, "fields": {"app_label": "homepage", "model": "inclusion"}}, {"model": "contenttypes.contenttype", "pk": 20, "fields": {"app_label": "tagging", "model": "taggeditem"}}, {"model": "contenttypes.contenttype", "pk": 21, "fields": {"app_label": "tagging", "model": "tag"}}, {"model": "contenttypes.contenttype", "pk": 22, "fields": {"app_label": "homepage", "model": "thingstodo"}}, {"model": "contenttypes.contenttype", "pk": 23, "fields": {"app_label": "homepage", "model": "adventurevendor"}}, {"model": "contenttypes.contenttype", "pk": 24, "fields": {"app_label": "homepage", "model": "adventuregear"}}, {"model": "contenttypes.contenttype", "pk": 25, "fields": {"app_label": "homepage", "model": "month"}}, {"model": "contenttypes.contenttype", "pk": 26, "fields": {"app_label": "homepage", "model": "adventuredestination"}}, {"model": "contenttypes.contenttype", "pk": 27, "fields": {"app_label": "homepage", "model": "adventureimage"}}, {"model": "contenttypes.contenttype", "pk": 28, "fields": {"app_label": "homepage", "model": "months"}}, {"model": "contenttypes.contenttype", "pk": 29, "fields": {"app_label": "homepage", "model": "upcomingtripimage"}}, {"model": "contenttypes.contenttype", "pk": 30, "fields": {"app_label": "homepage", "model": "stayaddon"}}, {"model": "contenttypes.contenttype", "pk": 31, "fields": {"app_label": "homepage", "model": "howdystays"}}, {"model": "contenttypes.contenttype", "pk": 32, "fields": {"app_label": "homepage", "model": "stayimage"}}, {"model": "contenttypes.contenttype", "pk": 33, "fields": {"app_label": "homepage", "model": "grouppackageitenerary"}}, {"model": "contenttypes.contenttype", "pk": 34, "fields": {"app_label": "homepage", "model": "upcomingtripitinerary"}}, {"model": "contenttypes.contenttype", "pk": 35, "fields": {"app_label": "homepage", "model": "destinationpackagehighlights"}}, {"model": "contenttypes.contenttype", "pk": 36, "fields": {"app_label": "homepage", "model": "requiredgear"}}, {"model": "contenttypes.contenttype", "pk": 37, "fields": {"app_label": "homepage", "model": "grouppackagereview"}}, {"model": "contenttypes.contenttype", "pk": 38, "fields": {"app_label": "homepage", "model": "articletag"}}, {"model": "contenttypes.contenttype", "pk": 39, "fields": {"app_label": "homepage", "model": "video"}}, {"model": "contenttypes.contenttype", "pk": 40, "fields": {"app_label": "homepage", "model": "upcomingtripvideo"}}, {"model": "sessions.session", "pk": "14wjafplx928t9t6h4zqx0yg7qsewczs", "fields": {"session_data": "OWEyOWE0YzYyNDBlMGY5ZWI0MjMyNWJlN2ZkZGQzMjNmYjAzZTJiYjp7Il9hdXRoX3VzZXJfaGFzaCI6IjI2NzZiNTlkNWZhYTE4ZDdlMGU5OTc1MDBmOTk2MWUyMDEyYmRiMzIiLCJfYXV0aF91c2VyX2JhY2tlbmQiOiJkamFuZ28uY29udHJpYi5hdXRoLmJhY2tlbmRzLk1vZGVsQmFja2VuZCIsIl9hdXRoX3VzZXJfaWQiOiIxIn0=", "expire_date": "2018-04-10T07:59:58.561Z"}}, {"model": "sessions.session", "pk": "4e50kxlqsn5iejl52u543qo2gpnfqg7l", "fields": {"session_data": "OWEyOWE0YzYyNDBlMGY5ZWI0MjMyNWJlN2ZkZGQzMjNmYjAzZTJiYjp7Il9hdXRoX3VzZXJfaGFzaCI6IjI2NzZiNTlkNWZhYTE4ZDdlMGU5OTc1MDBmOTk2MWUyMDEyYmRiMzIiLCJfYXV0aF91c2VyX2JhY2tlbmQiOiJkamFuZ28uY29udHJpYi5hdXRoLmJhY2tlbmRzLk1vZGVsQmFja2VuZCIsIl9hdXRoX3VzZXJfaWQiOiIxIn0=", "expire_date": "2018-06-20T17:48:11.007Z"}}, {"model": "sessions.session", "pk": "4us9xmyf9k5q2hxn0o6ess6caryv8fr4", "fields": {"session_data": "MjNmODM1ZWVkNDU5ZGM4ODEyMDI5ZDcyODRmNTNjYWI2OTQwZDc1Yzp7Il9hdXRoX3VzZXJfaGFzaCI6IjU2MmY1MTU4ZDllYzcxNWEzYTIzZjI2Y2VlMjc1MWJjYjIzZTM3NTUiLCJfYXV0aF91c2VyX2JhY2tlbmQiOiJkamFuZ28uY29udHJpYi5hdXRoLmJhY2tlbmRzLk1vZGVsQmFja2VuZCIsIl9hdXRoX3VzZXJfaWQiOiIxIn0=", "expire_date": "2019-02-20T10:58:26.139Z"}}, {"model": "sessions.session", "pk": "6adpay0ov0i1ofsn80hm52jyi4otunbk", "fields": {"session_data": "OWEyOWE0YzYyNDBlMGY5ZWI0MjMyNWJlN2ZkZGQzMjNmYjAzZTJiYjp7Il9hdXRoX3VzZXJfaGFzaCI6IjI2NzZiNTlkNWZhYTE4ZDdlMGU5OTc1MDBmOTk2MWUyMDEyYmRiMzIiLCJfYXV0aF91c2VyX2JhY2tlbmQiOiJkamFuZ28uY29udHJpYi5hdXRoLmJhY2tlbmRzLk1vZGVsQmFja2VuZCIsIl9hdXRoX3VzZXJfaWQiOiIxIn0=", "expire_date": "2018-08-28T14:17:38.691Z"}}, {"model": "sessions.session", "pk": "6rw7zpteahqux9fx5s0t610vjsf0plbm", "fields": {"session_data": "ODc5ODE3ODFhZjgwZDIwZGNiMDNiMjMxYzc5Y2I0ZjY5MzAxYzM2Mzp7Il9hdXRoX3VzZXJfYmFja2VuZCI6ImRqYW5nby5jb250cmliLmF1dGguYmFja2VuZHMuTW9kZWxCYWNrZW5kIiwiX2F1dGhfdXNlcl9oYXNoIjoiNTYyZjUxNThkOWVjNzE1YTNhMjNmMjZjZWUyNzUxYmNiMjNlMzc1NSIsIl9hdXRoX3VzZXJfaWQiOiIxIn0=", "expire_date": "2018-12-12T06:35:12.058Z"}}, {"model": "sessions.session", "pk": "7nzfra5bt2z8nu5yxyk2dctq4ygpy8nx", "fields": {"session_data": "ODc5ODE3ODFhZjgwZDIwZGNiMDNiMjMxYzc5Y2I0ZjY5MzAxYzM2Mzp7Il9hdXRoX3VzZXJfYmFja2VuZCI6ImRqYW5nby5jb250cmliLmF1dGguYmFja2VuZHMuTW9kZWxCYWNrZW5kIiwiX2F1dGhfdXNlcl9oYXNoIjoiNTYyZjUxNThkOWVjNzE1YTNhMjNmMjZjZWUyNzUxYmNiMjNlMzc1NSIsIl9hdXRoX3VzZXJfaWQiOiIxIn0=", "expire_date": "2018-12-23T06:13:56.901Z"}}, {"model": "sessions.session", "pk": "9xzoimnfdk8a89xabfq72rbwdgl6a6o4", "fields": {"session_data": "NDNiYTUwNThiZmQ5OTc3Y2QxMzg1ZWE0YWY4NTE2ZTJmNWI5YTI2YTp7Il9hdXRoX3VzZXJfaGFzaCI6IjU2MmY1MTU4ZDllYzcxNWEzYTIzZjI2Y2VlMjc1MWJjYjIzZTM3NTUiLCJfYXV0aF91c2VyX2lkIjoiMSIsIl9hdXRoX3VzZXJfYmFja2VuZCI6ImRqYW5nby5jb250cmliLmF1dGguYmFja2VuZHMuTW9kZWxCYWNrZW5kIn0=", "expire_date": "2018-12-15T06:55:16.392Z"}}, {"model": "sessions.session", "pk": "bktq2b4drpeiv0i9i65y0xz7fvx111eu", "fields": {"session_data": "MjNmODM1ZWVkNDU5ZGM4ODEyMDI5ZDcyODRmNTNjYWI2OTQwZDc1Yzp7Il9hdXRoX3VzZXJfaGFzaCI6IjU2MmY1MTU4ZDllYzcxNWEzYTIzZjI2Y2VlMjc1MWJjYjIzZTM3NTUiLCJfYXV0aF91c2VyX2JhY2tlbmQiOiJkamFuZ28uY29udHJpYi5hdXRoLmJhY2tlbmRzLk1vZGVsQmFja2VuZCIsIl9hdXRoX3VzZXJfaWQiOiIxIn0=", "expire_date": "2019-02-20T11:41:08.667Z"}}, {"model": "sessions.session", "pk": "cagibamr2z32512gkaqesb13a45u11b2", "fields": {"session_data": "MjNmODM1ZWVkNDU5ZGM4ODEyMDI5ZDcyODRmNTNjYWI2OTQwZDc1Yzp7Il9hdXRoX3VzZXJfaGFzaCI6IjU2MmY1MTU4ZDllYzcxNWEzYTIzZjI2Y2VlMjc1MWJjYjIzZTM3NTUiLCJfYXV0aF91c2VyX2JhY2tlbmQiOiJkamFuZ28uY29udHJpYi5hdXRoLmJhY2tlbmRzLk1vZGVsQmFja2VuZCIsIl9hdXRoX3VzZXJfaWQiOiIxIn0=", "expire_date": "2019-03-09T16:51:49.932Z"}}, {"model": "sessions.session", "pk": "cck7j123yn5tchfrbqo1sv17220xhcyn", "fields": {"session_data": "ODc5ODE3ODFhZjgwZDIwZGNiMDNiMjMxYzc5Y2I0ZjY5MzAxYzM2Mzp7Il9hdXRoX3VzZXJfYmFja2VuZCI6ImRqYW5nby5jb250cmliLmF1dGguYmFja2VuZHMuTW9kZWxCYWNrZW5kIiwiX2F1dGhfdXNlcl9oYXNoIjoiNTYyZjUxNThkOWVjNzE1YTNhMjNmMjZjZWUyNzUxYmNiMjNlMzc1NSIsIl9hdXRoX3VzZXJfaWQiOiIxIn0=", "expire_date": "2018-12-29T12:34:14.131Z"}}, {"model": "sessions.session", "pk": "dg5rawkb1wsxc3f8uu938qefx44wqwbc", "fields": {"session_data": "ZjExYzNlOTIwNDcyMjJhZTAxMTVjYzg5M2ZmZWZmYjc3MzZjMTMyZTp7Il9hdXRoX3VzZXJfaGFzaCI6IjMwM2ZiZDFkMWI1MmU1ZjMwYTBmNDEwMTFkYTdjYzE4Nzc4MTI3ZjgiLCJfYXV0aF91c2VyX2JhY2tlbmQiOiJkamFuZ28uY29udHJpYi5hdXRoLmJhY2tlbmRzLk1vZGVsQmFja2VuZCIsIl9hdXRoX3VzZXJfaWQiOiIxIn0=", "expire_date": "2018-11-25T01:51:57.870Z"}}, {"model": "sessions.session", "pk": "iuqytqcpx69brn7vu5kq1kgn5b092dao", "fields": {"session_data": "OWEyOWE0YzYyNDBlMGY5ZWI0MjMyNWJlN2ZkZGQzMjNmYjAzZTJiYjp7Il9hdXRoX3VzZXJfaGFzaCI6IjI2NzZiNTlkNWZhYTE4ZDdlMGU5OTc1MDBmOTk2MWUyMDEyYmRiMzIiLCJfYXV0aF91c2VyX2JhY2tlbmQiOiJkamFuZ28uY29udHJpYi5hdXRoLmJhY2tlbmRzLk1vZGVsQmFja2VuZCIsIl9hdXRoX3VzZXJfaWQiOiIxIn0=", "expire_date": "2018-05-09T07:12:04.380Z"}}, {"model": "sessions.session", "pk": "k7a397okvfb8acxrjo7qf2bhs7ujwlbl", "fields": {"session_data": "OTliMzIwN2MyNGIwMGE5MmFjZDM4N2IyZDk3ZmEyYTc3Njk3YTU1MTp7Im1vYmlsZSI6IjYyODQ3MjAxNTAiLCJuYW1lIjoiVHVzaGFyIiwiZW1haWwiOiJ0dXNoYXJibG9nZ2VyMTJAZ21haWwuY29tIn0=", "expire_date": "2019-03-09T09:51:59.343Z"}}, {"model": "sessions.session", "pk": "m6qwab3gkw8qnjznw4wemo2nn55cf4qr", "fields": {"session_data": "OTZhZWQwYTFkMjgxOWU1MjI3YmE3MGFmYzI1ZDE0ZGFjOTJjNTc4Yzp7Im5hbWUiOiJUdXNoYXIiLCJfYXV0aF91c2VyX2lkIjoiMSIsIm1vYmlsZSI6IjYyODQ3MjAxNTAiLCJfYXV0aF91c2VyX2JhY2tlbmQiOiJkamFuZ28uY29udHJpYi5hdXRoLmJhY2tlbmRzLk1vZGVsQmFja2VuZCIsIl9hdXRoX3VzZXJfaGFzaCI6IjU2MmY1MTU4ZDllYzcxNWEzYTIzZjI2Y2VlMjc1MWJjYjIzZTM3NTUiLCJlbWFpbCI6InR1c2hhcmJsb2dnZXIxMkBnbWFpbC5jb20ifQ==", "expire_date": "2019-02-18T08:03:39.510Z"}}, {"model": "sessions.session", "pk": "s8hn7rg7e99v7o5ynvs4ffftaei414eo", "fields": {"session_data": "ODc5ODE3ODFhZjgwZDIwZGNiMDNiMjMxYzc5Y2I0ZjY5MzAxYzM2Mzp7Il9hdXRoX3VzZXJfYmFja2VuZCI6ImRqYW5nby5jb250cmliLmF1dGguYmFja2VuZHMuTW9kZWxCYWNrZW5kIiwiX2F1dGhfdXNlcl9oYXNoIjoiNTYyZjUxNThkOWVjNzE1YTNhMjNmMjZjZWUyNzUxYmNiMjNlMzc1NSIsIl9hdXRoX3VzZXJfaWQiOiIxIn0=", "expire_date": "2018-12-12T08:15:04.991Z"}}, {"model": "sessions.session", "pk": "tbo7n9mtri1dekoylp5eg4pnuwg6mwvg", "fields": {"session_data": "OWEyOWE0YzYyNDBlMGY5ZWI0MjMyNWJlN2ZkZGQzMjNmYjAzZTJiYjp7Il9hdXRoX3VzZXJfaGFzaCI6IjI2NzZiNTlkNWZhYTE4ZDdlMGU5OTc1MDBmOTk2MWUyMDEyYmRiMzIiLCJfYXV0aF91c2VyX2JhY2tlbmQiOiJkamFuZ28uY29udHJpYi5hdXRoLmJhY2tlbmRzLk1vZGVsQmFja2VuZCIsIl9hdXRoX3VzZXJfaWQiOiIxIn0=", "expire_date": "2018-06-06T15:36:01.719Z"}}, {"model": "sessions.session", "pk": "tyoihfea6t2toqd8sy9qgwcacl4s396k", "fields": {"session_data": "OWEyOWE0YzYyNDBlMGY5ZWI0MjMyNWJlN2ZkZGQzMjNmYjAzZTJiYjp7Il9hdXRoX3VzZXJfaGFzaCI6IjI2NzZiNTlkNWZhYTE4ZDdlMGU5OTc1MDBmOTk2MWUyMDEyYmRiMzIiLCJfYXV0aF91c2VyX2JhY2tlbmQiOiJkamFuZ28uY29udHJpYi5hdXRoLmJhY2tlbmRzLk1vZGVsQmFja2VuZCIsIl9hdXRoX3VzZXJfaWQiOiIxIn0=", "expire_date": "2018-07-28T08:57:22.944Z"}}, {"model": "sessions.session", "pk": "u9cxwtkxo4tjxw2y3zb22c0xky1lgzjr", "fields": {"session_data": "NjA4NWM1MTM2NTY0ODg0MGE3MzY2M2ExNWJmZTE4YTYxMzY1MDQzODp7Il9hdXRoX3VzZXJfaWQiOiIxIiwiX2F1dGhfdXNlcl9oYXNoIjoiNTYyZjUxNThkOWVjNzE1YTNhMjNmMjZjZWUyNzUxYmNiMjNlMzc1NSIsIl9hdXRoX3VzZXJfYmFja2VuZCI6ImRqYW5nby5jb250cmliLmF1dGguYmFja2VuZHMuTW9kZWxCYWNrZW5kIn0=", "expire_date": "2018-12-07T14:43:34.951Z"}}, {"model": "sessions.session", "pk": "uuflwybpe27rtlhkyujyut9m45aoi2fi", "fields": {"session_data": "OWEyOWE0YzYyNDBlMGY5ZWI0MjMyNWJlN2ZkZGQzMjNmYjAzZTJiYjp7Il9hdXRoX3VzZXJfaGFzaCI6IjI2NzZiNTlkNWZhYTE4ZDdlMGU5OTc1MDBmOTk2MWUyMDEyYmRiMzIiLCJfYXV0aF91c2VyX2JhY2tlbmQiOiJkamFuZ28uY29udHJpYi5hdXRoLmJhY2tlbmRzLk1vZGVsQmFja2VuZCIsIl9hdXRoX3VzZXJfaWQiOiIxIn0=", "expire_date": "2018-05-23T14:19:52.948Z"}}, {"model": "sessions.session", "pk": "vufrg39lkk1fpu3an0b7a8o6iizkbe62", "fields": {"session_data": "OWEyOWE0YzYyNDBlMGY5ZWI0MjMyNWJlN2ZkZGQzMjNmYjAzZTJiYjp7Il9hdXRoX3VzZXJfaGFzaCI6IjI2NzZiNTlkNWZhYTE4ZDdlMGU5OTc1MDBmOTk2MWUyMDEyYmRiMzIiLCJfYXV0aF91c2VyX2JhY2tlbmQiOiJkamFuZ28uY29udHJpYi5hdXRoLmJhY2tlbmRzLk1vZGVsQmFja2VuZCIsIl9hdXRoX3VzZXJfaWQiOiIxIn0=", "expire_date": "2018-07-19T09:13:17.096Z"}}, {"model": "sessions.session", "pk": "w28tz4movufr162xd9fx8ymai9e3enl9", "fields": {"session_data": "OWEyOWE0YzYyNDBlMGY5ZWI0MjMyNWJlN2ZkZGQzMjNmYjAzZTJiYjp7Il9hdXRoX3VzZXJfaGFzaCI6IjI2NzZiNTlkNWZhYTE4ZDdlMGU5OTc1MDBmOTk2MWUyMDEyYmRiMzIiLCJfYXV0aF91c2VyX2JhY2tlbmQiOiJkamFuZ28uY29udHJpYi5hdXRoLmJhY2tlbmRzLk1vZGVsQmFja2VuZCIsIl9hdXRoX3VzZXJfaWQiOiIxIn0=", "expire_date": "2018-10-31T09:28:47.481Z"}}, {"model": "sessions.session", "pk": "w9auoy5eaiskcpt1qu24ebzcowx627gi", "fields": {"session_data": "OTZhZWQwYTFkMjgxOWU1MjI3YmE3MGFmYzI1ZDE0ZGFjOTJjNTc4Yzp7Im5hbWUiOiJUdXNoYXIiLCJfYXV0aF91c2VyX2lkIjoiMSIsIm1vYmlsZSI6IjYyODQ3MjAxNTAiLCJfYXV0aF91c2VyX2JhY2tlbmQiOiJkamFuZ28uY29udHJpYi5hdXRoLmJhY2tlbmRzLk1vZGVsQmFja2VuZCIsIl9hdXRoX3VzZXJfaGFzaCI6IjU2MmY1MTU4ZDllYzcxNWEzYTIzZjI2Y2VlMjc1MWJjYjIzZTM3NTUiLCJlbWFpbCI6InR1c2hhcmJsb2dnZXIxMkBnbWFpbC5jb20ifQ==", "expire_date": "2019-03-09T08:19:51.368Z"}}, {"model": "sessions.session", "pk": "wdn7fgzdunyce2ec56ann9bnpadn1qbl", "fields": {"session_data": "OWEyOWE0YzYyNDBlMGY5ZWI0MjMyNWJlN2ZkZGQzMjNmYjAzZTJiYjp7Il9hdXRoX3VzZXJfaGFzaCI6IjI2NzZiNTlkNWZhYTE4ZDdlMGU5OTc1MDBmOTk2MWUyMDEyYmRiMzIiLCJfYXV0aF91c2VyX2JhY2tlbmQiOiJkamFuZ28uY29udHJpYi5hdXRoLmJhY2tlbmRzLk1vZGVsQmFja2VuZCIsIl9hdXRoX3VzZXJfaWQiOiIxIn0=", "expire_date": "2018-04-24T11:18:19.885Z"}}, {"model": "sessions.session", "pk": "zhihzakx7xz44y6aez5jiqn4qr36ewct", "fields": {"session_data": "OWEyOWE0YzYyNDBlMGY5ZWI0MjMyNWJlN2ZkZGQzMjNmYjAzZTJiYjp7Il9hdXRoX3VzZXJfaGFzaCI6IjI2NzZiNTlkNWZhYTE4ZDdlMGU5OTc1MDBmOTk2MWUyMDEyYmRiMzIiLCJfYXV0aF91c2VyX2JhY2tlbmQiOiJkamFuZ28uY29udHJpYi5hdXRoLmJhY2tlbmRzLk1vZGVsQmFja2VuZCIsIl9hdXRoX3VzZXJfaWQiOiIxIn0=", "expire_date": "2018-05-23T13:31:07.696Z"}}, {"model": "homepage.adventure", "pk": 2, "fields": {"title": "Paragliding", "logo": "https://5.imimg.com/data5/XL/GY/GLADMIN-9125725/paragliding-package-500x500.png", "adventureform_choice": "airbased"}}, {"model": "homepage.adventure", "pk": 3, "fields": {"title": "Bungee Jumping", "logo": "https://d3h30waly5w5yx.cloudfront.net/images/tour/pictures/chiangmai-bungy-2.jpg", "adventureform_choice": "airbased"}}, {"model": "homepage.adventure", "pk": 4, "fields": {"title": "River Rafting", "logo": "https://d1j3wd17d78ehn.cloudfront.net/system/images/000/062/549/5cc7ec431e5e1c64f07ae29b6d705f2e/original/rafting-12.jpg?1519456497", "adventureform_choice": "waterbased"}}, {"model": "homepage.adventure", "pk": 5, "fields": {"title": "Biking", "logo": "", "adventureform_choice": null}}, {"model": "homepage.adventure", "pk": 6, "fields": {"title": "Mountain Biking", "logo": "https://cdn.dirtmountainbike.com/featured_image/5abef42923011.jpg", "adventureform_choice": "landbased"}}, {"model": "homepage.adventure", "pk": 7, "fields": {"title": "Scuba Diving", "logo": "https://dtmag.com/wp-content/uploads/2015/03/scuba-diver-1050x700.jpg", "adventureform_choice": "waterbased"}}, {"model": "homepage.adventure", "pk": 8, "fields": {"title": "Skiing", "logo": "", "adventureform_choice": null}}, {"model": "homepage.adventure", "pk": 9, "fields": {"title": "Trekking", "logo": "https://completewellbeing.com/wp-content/uploads/2014/04/discover-the-beauty-of-trekking.jpg", "adventureform_choice": "landbased"}}, {"model": "homepage.adventure", "pk": 10, "fields": {"title": "Cycling", "logo": "https://www.justrunlah.com/wp-content/uploads/2018/01/Cycling-liv-cycling.png", "adventureform_choice": "landbased"}}, {"model": "homepage.adventure", "pk": 11, "fields": {"title": "Camping", "logo": "https://media-cdn.tripadvisor.com/media/photo-s/0f/cb/90/dd/family-friendly-camping.jpg", "adventureform_choice": "landbased"}}, {"model": "homepage.adventure", "pk": 12, "fields": {"title": "parasailing", "logo": "https://www.soundingsonline.com/.image/t_share/MTUzNjkwNDMwMzA5OTM1MTAw/what-is-parasailing.jpg", "adventureform_choice": "waterbased"}}, {"model": "homepage.adventure", "pk": 13, "fields": {"title": "Kayaking", "logo": "http://www.mi-paddleadventure.com/wp-content/uploads/ww2.jpg", "adventureform_choice": "waterbased"}}, {"model": "homepage.destination", "pk": 1, "fields": {"title": "Goa", "num_of_min_days": 4, "num_of_max_days": 8, "about_destination": "The party capital of India with amazing beauty to sooth your mind. \r\nEnjoy the chirp of birds sitting along the waves touching your feet in this amazing paradise.", "logo": "https://www.hlimg.com/images/places2see/738X538/Goa-cover-image_1472037578p.jpg", "associated_adventures": [5, 7, 10, 12]}}, {"model": "homepage.destination", "pk": 2, "fields": {"title": "Shimla", "num_of_min_days": 2, "num_of_max_days": 5, "about_destination": "", "logo": "https://images.thrillophilia.com/image/upload/s--HhJ_YxCr--/c_fill,f_auto,fl_strip_profile,h_600,q_auto,w_975/v1/images/photos/000/090/525/original/1466512867_f_5.png.jpg?1466512867", "associated_adventures": []}}, {"model": "homepage.destination", "pk": 3, "fields": {"title": "Manali", "num_of_min_days": 3, "num_of_max_days": 5, "about_destination": "", "logo": "https://images.thrillophilia.com/image/upload/s--HhJ_YxCr--/c_fill,f_auto,fl_strip_profile,h_600,q_auto,w_975/v1/images/photos/000/090/525/original/1466512867_f_5.png.jpg?1466512867", "associated_adventures": []}}, {"model": "homepage.destination", "pk": 4, "fields": {"title": "Leh", "num_of_min_days": 5, "num_of_max_days": 13, "about_destination": "", "logo": "https://images.thrillophilia.com/image/upload/s--GMZWDog_--/c_fill,f_auto,fl_strip_profile,h_600,q_auto,w_975/v1/images/photos/000/029/800/original/1512035243_Ladakh-Home.jpg.jpg?1512035237", "associated_adventures": []}}, {"model": "homepage.destination", "pk": 5, "fields": {"title": "Kheerganga", "num_of_min_days": 3, "num_of_max_days": 5, "about_destination": "", "logo": "https://images.thrillophilia.com/image/upload/s--wyjlTeNm--/c_fill,f_auto,fl_strip_profile,h_600,q_auto,w_975/v1/images/photos/000/100/453/original/1473167171_kasol_4.jpg.jpg?1473167171", "associated_adventures": []}}, {"model": "homepage.destination", "pk": 6, "fields": {"title": "Kasol", "num_of_min_days": 3, "num_of_max_days": 5, "about_destination": "", "logo": "https://images.thrillophilia.com/image/upload/s--wyjlTeNm--/c_fill,f_auto,fl_strip_profile,h_600,q_auto,w_975/v1/images/photos/000/100/453/original/1473167171_kasol_4.jpg.jpg?1473167171", "associated_adventures": []}}, {"model": "homepage.destination", "pk": 7, "fields": {"title": "Jaipur", "num_of_min_days": 2, "num_of_max_days": 3, "about_destination": "", "logo": "https://www.tripsavvy.com/thmb/EBjH0BxiK6vMaTfKibrQv1q91To=/960x0/filters:no_upscale():max_bytes(150000):strip_icc()/GettyImages-481776206-58fde26a5f9b581d59810c1d.jpg", "associated_adventures": []}}, {"model": "homepage.destination", "pk": 8, "fields": {"title": "Jodhpur", "num_of_min_days": 2, "num_of_max_days": 4, "about_destination": "", "logo": "https://www.tripsavvy.com/thmb/EBjH0BxiK6vMaTfKibrQv1q91To=/960x0/filters:no_upscale():max_bytes(150000):strip_icc()/GettyImages-481776206-58fde26a5f9b581d59810c1d.jpg", "associated_adventures": []}}, {"model": "homepage.destination", "pk": 9, "fields": {"title": "Mcleodganj", "num_of_min_days": 3, "num_of_max_days": 5, "about_destination": "", "logo": "https://www.holidify.com/images/bgImages/MCLEODGANJ.jpg", "associated_adventures": [9, 11]}}, {"model": "homepage.destination", "pk": 10, "fields": {"title": "Ladakh", "num_of_min_days": 4, "num_of_max_days": 6, "about_destination": "", "logo": "https://images.thrillophilia.com/image/upload/s--Id-8JqdJ--/c_fill,f_auto,fl_strip_profile,h_600,q_auto,w_975/v1/images/photos/000/106/620/original/1485945967_ladakh_img_5.jpg.jpg?1485945966", "associated_adventures": []}}, {"model": "homepage.destination", "pk": 11, "fields": {"title": "Lonavala", "num_of_min_days": 0, "num_of_max_days": 0, "about_destination": "Lonavala is a district in Maharashtra.", "logo": "https://d27k8xmh3cuzik.cloudfront.net/wp-content/uploads/2017/07/Stunning-monsoon-weekend-drives-from-Mumbai-Lonvala-1024x685.jpg", "associated_adventures": [3]}}, {"model": "homepage.destination", "pk": 12, "fields": {"title": "Bangalore", "num_of_min_days": 0, "num_of_max_days": 0, "about_destination": "Banglore is the It Hub and the beautiful city of South.", "logo": "https://www.tripsavvy.com/thmb/-BYy_dpdG3UkGhbnZ0q2qkUFFgk=/960x0/filters:no_upscale():max_bytes(150000):strip_icc()/GettyImages-536116268-5b5d74e846e0fb0050adcf3b.jpg", "associated_adventures": [3]}}, {"model": "homepage.destination", "pk": 13, "fields": {"title": "Andaman And Nicobar", "num_of_min_days": 10, "num_of_max_days": 15, "about_destination": "The coral king of the Indian Ocean.", "logo": "https://i.ytimg.com/vi/7dt_SEGVam8/hqdefault.jpg", "associated_adventures": [7, 13]}}, {"model": "homepage.itenary", "pk": 1, "fields": {"details": "<p><strong>Day 01:</strong></p>\r\n<p><strong>&bull;</strong> Departure from Delhi Railway station to Goa. 14th January</p>\r\n<p><strong>Day 02:</strong></p>\r\n<p>&bull; Arrival Madgaon in the evening.</p>\r\n<p>&bull; And Goa is On!</p>\r\n<p>&bull; Transfer from Railway station to the 3* Resort in North Goa.</p>\r\n<p>&bull; Check-in and Room allotment on quad sharing.</p>\r\n<p>&bull; Rest? No! Explore on your own or sit by pool and gossip about friend who cancelled the plan yet again.</p>\r\n<p>&bull; Have your Dinner at the resort. 15th January</p>\r\n<p><strong> Day 03:</strong></p>\r\n<p>&bull; Wake up in the fresh air of Goa, freshen up and have your Breakfast as adventure awaits you.</p>\r\n<p>&bull; Reach Calangute&rsquo;s famous beach for the water adventure.</p>\r\n<p>&bull; Enjoy Jet Ski in the waves of open sea.</p>\r\n<p>&bull; Get hauled in the middle of the sea atop an inflatable banana boat.</p>\r\n<p>&bull; Enjoy Boat ride with friends.</p>\r\n<p>&bull; Spend some time at the beach and watch sun setting in the waters, yup it is as beautiful as it sounds. &bull; Reach back to resort for Dinner &bull; Have your Dinner in resort.</p>\r\n<p>&bull; After Dinner either go for a walk or rest in your room.</p>\r\n<p><strong>16th January Day 04:</strong></p>\r\n<p>&bull; Wake up and have your Breakfast in the resort.</p>\r\n<p>&bull; And prepare yourself, as a pool party is coming your way!</p>\r\n<p>&bull; In the afternoon enjoy Pool Party, jump in to the pool and dance on the beats with beverages (ya right beverages, wink!).</p>\r\n<p>&bull; Make the party worth remembering.</p>\r\n<p>&bull; Get tired of Dancing and have Dinner in the resort. 17th January</p>\r\n<p><strong>Day 05:</strong></p>\r\n<p>&bull; Wake up with a smile, you are in Goa. Have your Breakfast in the Resort</p>\r\n<p>&bull; Explore Goa on your own now take a Self-drive (at own cost) like most people do and explore.</p>\r\n<p>&bull; Explore South Goa beaches and markets on your own.</p>\r\n<p>&bull; Come back to the Resort in Evening. &bull; Spend time around bonfire and chitchat with friends.</p>\r\n<p>&bull; Nothing beats Live Music around a bonfire and to make this trip unbeatable we do have it.</p>\r\n<p>&bull; Gala time &bull; Have Dinner in the Resort</p>\r\n<p><strong>18th January Day 06:</strong></p>\r\n<p>&bull; Wake up in the morning and have Breakfast in the resort.</p>\r\n<p>&bull; Check-out from the hotel &bull; Transfer to Railway station.</p>\r\n<p>&bull; Back Journey to Home.</p>\r\n<p><strong>Day 07:</strong></p>\r\n<p>&bull; Reach back home in the evening with lots of memories to make that friend jealous who cancelled.</p>", "destination": 1}}, {"model": "homepage.itenary", "pk": 2, "fields": {"details": "Day 1: ARRIVAL\r\n\r\nTransfer to hotel and get freshen up. This is acclimatization day so no other works to do. Dinner and overnight stay. \r\n\r\nDay 2: LEH (SIGHT SEEING) \r\n\r\nAfter having breakfast proceed towards the market where your Bullet will be waiting for you. Take your rides and explore leh whole day. \r\n\r\nDay 3: LEH \u2013 NUBRA \r\n\r\nBreakfast at the hotel. Early Morning Leave Leh for NUBRA VALLEY passing through Horzey & Gangles Village. The road then rises to reach Khardungla (5602 Mts.) the world\u2019s highest Motorable road & enjoy the landscape & the beautiful birds eye view of the Leh town. Halt for a picnic lunch at Khardungla village. Later proceed to Khalsar at Shyok Valley 35 Kms by drive. The road after crossing Khalsar Bridge at Shyok River enters Nubra Valley & then proceed along the Nubra River to arrive in the afternoon at Tegar or Kyegar as local call it. Meals & Overnight stay in tents at Lhari-Mo North Camp at Sumur (Kyegar & Sumur are very close by) OR At Tirith Camp at Tirith. Dinner and overnight at the Camp.\r\n\r\nDay 4: NUBRA \u2013 PANGONG\r\nLeave early morning after breakfast leave for Pangong Lake through Changla passes 5486 Mtrs. While ascending Changla pass 5486 mtrs enjoy the beautiful panoramic view of the villages below the pass. After crossing the pass halt for picnic lunch at Tsoltak, the summer pastureland of the yaks. Arrive Durbuk and from there a short drive takes you to the western shore of the lake. Dinner & overnight stay at Hotel / Camp in Pangong.\r\n\r\nDay 5: PANGONG LAKE \u2013 LEH \r\n\r\nEnjoy the landscape in the back drop of the Lake. This famous blue brackish Lake of Pangong is 5-6 Kms wide and over 144 Kms long with half of it running the other side of the \u201cINDO CHINA BORDER\u201d. In the late afternoon drive back to Leh. Dinner & overnight stay in Leh.\r\n\r\nDAY 6: LEH \u2013 LEH AIRPORT \r\n\r\nHave you breakfast in the morning and we move towards the leh airport to reach back home.", "destination": 4}}, {"model": "homepage.itenary", "pk": 3, "fields": {"details": "Day 01:\r\nReach Barshaini which is 10 kms from Manikaran from where the trek will start. En-route amidst by the lush green meadows and mesmerizing beauty of parvati valley and waterfalls. Reach campsite and check-in, enjoy dinner at 3000m height and overnight stay in camps. Enjoy weather and beauty of raw camping and adventure at its best.\r\n\r\nDay 02:\r\nWake up in the morning and go for a dip in natural Jaccuzi, the hot water spring is what Kheerganga is famous for so you cannot miss that, have your breakfast and leave for Barshaini.\r\n\r\nDay 03:\r\nHave a visit to the famous holy place Manikaran and experience a born fire night at Kasol.", "destination": 5}}, {"model": "homepage.itenary", "pk": 4, "fields": {"details": "Day1- Depart at 9 PM from Patiala/Chd.\r\nDay2- Reach Narkanda at 8 AM Camp check-in where breakfast will be served. After breakfast gets ready for the trek to Hatu peak/Dertu. Packed food will be served after trekking, then trek down to camps, relax for some time then enjoy your dinner with Bonfire and some light music.\r\nOvernight stay at camps.\r\nDay3- Pack your bags then proceed to Narkanda, have your breakfast there then we proceed to Shimla, from where you can enjoy your cycling also from Shimla to aHssan valley( 4-5 km cycling ),\r\nthen Shimla- sightseeing, then we depart at 10 PM from Shimla.\r\nDay4- Reach back Patiala/Chd at 6 AM.\r\nPLACES OF INTEREST\r\nHATU PEAK (3300m): 8 km from Narkanda, the road is surrounded by pine and spruce trees. On top of the hill, ancient Hatu Mata temple is located. The peak offers a spectacular view of the entire Himalayan ranges, snow clad mountains and in depths are the dense forests, green fields, and apple orchards. Hiking is recommended to reach the peak\r\n\r\nKACHERI (1810m): This place is located 0.5 km from Oddi, and 7 km from Narkanda on NH \u2013 22 and famous for ancient Mahamaya Temple.\r\n\r\nKOTGARH AND THANEDHAR (1830m): 17 km link road bifurcating from Narkanda takes you to the Himachal\u2019s Horticultural heartland, Kotgarh, and Thanedhar, renown for apple orchards. The famous Stokes Farm is located at Thanedhar. Stokes came to India on a trip and while on a summer visit to Shimla, fell in love with its environments, which included the charming hill folk and settled down in Kotgarh. He started the apple farm which soon became renown with its Red Delicious, Golden Delicious and Royal Delicious,  30 minute applies.\r\n\r\nJALLORI PASS (3,550 m): 90 km from Narkanda, passing through the Sutlej Valley and crossing over to Luhri, Ani, Khang through one of the best scenery in the Kullu Valley takes you to Jallori30-minutelevel walk from the Pass takes you to Sarolsar Lake among deep forests. See nature at it\u2019s best.", "destination": 2}}, {"model": "homepage.itenary", "pk": 5, "fields": {"details": "Day 01-\r\nDeparture at 7 PM (fixed departure) in deluxe ac (push back) bus.\r\n\r\nDay 02 \u2013 Mcleodganj\r\nHault in the midway for breakfast and proceed forward for Mcleodganj. Reach the hotel and check-in. Rest for sometime and Now proceed for Local Sightseeing like Dalai Lama Palace, Tibetian Institute. Lunch at the streets of mcleodganj. After Lunch Proceed for Local Sightseeing like St. John Church, Dal Lake, Bagsunag Temple. Recommended place around would be the bhagsu waterfall, Shiva cafe or if you\u2019re a Mexican food lover than cafe carpedium on the temple road are the places which you need to explore. Evening free for Shopping. Also you can leave for Dharamshala or Dal lake which is in close proximity to the hotel. Reach back to the hotel and get set go on the dance floor as the Dj setup is waiting for you. Exhaust yourself on the floor and Dinner will be served for you & Overnight stay at the Hotel.\r\n\r\nDay 03- Triund\r\nWake up feel refreshed in the morning air and After Having Breakfast proceed for Triund Trekking. Start from Dharamkot and proceed towards Triund. Lunch will be served at the top. After filling up and wondering around we stay overnight in camp in Triund and bonfire will be lit up. Sit around bonfire and dinner will be served to you. Dinner and overnight stay in Triund at Camp.\r\n\r\nDay 04-\r\nWe will reach back early morning . Tour Ends With Sweet Memories with team Howdy Highlands.", "destination": 9}}, {"model": "homepage.inclusion", "pk": 1, "fields": {"title": "Travel", "icon": "documents/inclusions/Webalys-Kameleon.pics-Bus.ico"}}, {"model": "homepage.inclusion", "pk": 2, "fields": {"title": "All Breakfast & Dinner", "icon": "documents/inclusions/meal.png"}}, {"model": "homepage.inclusion", "pk": 3, "fields": {"title": "Stay", "icon": "documents/inclusions/hotel-png-14.png"}}, {"model": "homepage.inclusion", "pk": 4, "fields": {"title": "River Rafting", "icon": "documents/inclusions/3748170dd140a279bddbd504b272e93f-river-rafting-sport-silhouette-by-vexels.png"}}, {"model": "homepage.inclusion", "pk": 5, "fields": {"title": "Dj Night", "icon": "documents/inclusions/119012-200.png"}}, {"model": "homepage.inclusion", "pk": 6, "fields": {"title": "Bonfire", "icon": "documents/inclusions/bonfire-11530994794w2t0lz0zep.png"}}, {"model": "homepage.adventurevendor", "pk": 1, "fields": {"name": "Lonavala Bungee Jump", "associated_adventure": 3, "contact_number": 180030705050, "location": "Kunegaon, Lonavala, Maharashtra 410 401, India", "destination": 11}}, {"model": "homepage.adventurevendor", "pk": 2, "fields": {"name": "Bangalore Bungee Jum", "associated_adventure": 3, "contact_number": 8023561871, "location": "Ozone, # 75, novelty house 1 Block, Railway Parallel Rd, Kumarapark West, Sheshadripuram, Bengaluru,", "destination": 12}}, {"model": "homepage.adventurevendor", "pk": 3, "fields": {"name": "Scuba Diving Andaman", "associated_adventure": 7, "contact_number": 9566088560, "location": "Beach No.3, Govind Nagar, Havelock Island, Andaman and Nicobar Islands 744211", "destination": 13}}, {"model": "homepage.adventurevendor", "pk": 4, "fields": {"name": "Parasailing Goa", "associated_adventure": 12, "contact_number": 8555858885, "location": "Goa, South", "destination": 1}}, {"model": "homepage.adventurevendor", "pk": 5, "fields": {"name": "Kheerganga Trekkers", "associated_adventure": 9, "contact_number": 9999888456, "location": "Kheerganga", "destination": 5}}, {"model": "homepage.destinationpackage", "pk": 1, "fields": {"snoi": 3, "title": "Goa Semester Relaxation", "logo": "documents/destinationpackage/Palolem_beach.jpg", "destination": 1, "head_description": "<p><strong>Level</strong>: Average</p>\r\n<p><strong> Route</strong>: Rumsu - Chikka - Balu Ka Ghera - Shia Goru - Chatru - Chandra Taal</p>\r\n<p><strong> Height</strong>: 14, 100 ft</p>\r\n<p>The Chandratal Lake Trek with Hampta Pass is a treasure trove for the ardent as well amateur trekkers, holds the charm and allurement like any other treks in the Himalayas. Although a short trek, the scenic landscape exposes trails that meander through alpine forests, huge rock formations, and remarkably rich vegetation.</p>", "property_rating": 4, "package_description": "<p><span><strong>Level:</strong> Average</span></p>\r\n<p><span><strong>Route:&nbsp; Rumsu - Chikka - Balu Ka Ghera - Shia Goru - Chatru - Chandra Taal</strong></span></p>\r\n<p><span><strong>Height</strong>: 14, 100 ft</span></p>\r\n<p>&nbsp;</p>\r\n<p><span>The Chandratal Lake Trek with Hampta Pass is a treasure trove for the ardent as well amateur trekkers,&nbsp;holds the charm and allurement like any other treks in the Himalayas.</span></p>\r\n<p><span>Although a short trek, the scenic&nbsp;landscape exposes trails that meander through alpine forests, huge rock formations, and remarkably rich&nbsp;vegetation.</span></p>\r\n<p><span>Not only does the Chandratal Lake trekking experience introduces you to the captivating beauty of the</span><br /><span>Himalayan meadows, cold desert, flora and fauna of the Lahual and Spiti valley, it also get you close to</span><br /><span>the life and spirit amidst the lofty peaks. With easy gradients, climbs and descends, this trek will definitely</span><br /><span>satiate all your quench for trekking in the Indian Himalayas.</span></p>\r\n<p>&nbsp;</p>\r\n<p><span><strong>Exclusions:</strong></span></p>\r\n<ul>\r\n<li>Travel from chandigarh to Naggar</li>\r\n<li>Personal Expenses.</li>\r\n<li>Camera Charges.</li>\r\n<li>Tips / Mineral Water / Beverages.</li>\r\n<li>Insurance of any kind.</li>\r\n<li>Medical and Evacuation Charges.</li>\r\n</ul>", "price_for_one": 6500, "price_for_four": 6400, "price_for_seven": 6200, "price_for_twelve": 5900, "price_for_eighteen": 5000, "duration": 5, "duration_nights": 4, "best_seasons_to_visit": "spring", "included_adventure": [3, 7], "inclusions": [1, 2, 3, 4, 5, 6]}}, {"model": "homepage.destinationpackage", "pk": 2, "fields": {"snoi": 2, "title": "Leh Ladakh SightSeeing", "logo": "documents/destinationpackage/1513416851_leh_ladakh.jpg.webp", "destination": 4, "head_description": "Leh, a district in the state of Jammu & Kashmir situated at an altitude of 3500m and is famous for its cold deserted climate. It offers astonishing views for explorers and is a must visit place before you die.", "property_rating": 4, "package_description": "", "price_for_one": 14000, "price_for_four": null, "price_for_seven": null, "price_for_twelve": null, "price_for_eighteen": null, "duration": 6, "duration_nights": 7, "best_seasons_to_visit": "summer", "included_adventure": [10, 11, 4, 6, 9], "inclusions": [1, 2, 3]}}, {"model": "homepage.destinationpackage", "pk": 3, "fields": {"snoi": 1, "title": "Trekking in Mcleodganj Triund", "logo": "documents/destinationpackage/Mcleodganj-1-600x400.jpg", "destination": 9, "head_description": "McLeod Ganj is a suburb of Dharamshala in Kangra district of Himachal Pradesh, India. It is known as \"Little Lhasa\" or \"Dhasa\" because of its large population of Tibetans.\r\nWith an amazing view.", "property_rating": 5, "package_description": "", "price_for_one": 7000, "price_for_four": null, "price_for_seven": null, "price_for_twelve": null, "price_for_eighteen": null, "duration": 4, "duration_nights": 5, "best_seasons_to_visit": "summer", "included_adventure": [9, 11], "inclusions": [1, 2, 3, 4]}}, {"model": "homepage.destinationpackage", "pk": 4, "fields": {"snoi": 4, "title": "Goa December Fun", "logo": "documents/destinationpackage/HOWDY1-2.jpg", "destination": 1, "head_description": "<p>The best chilling packageGoa is a state in western India with coastlines stretching along the Arabian Sea. Its long history as a Portuguese colony prior to 1961 is evident in its preserved 17th-century churches and the area&rsquo;s tropical spice plantations. Goa is also known for its beaches, ranging from popular stretches at Baga and Palolem to those in laid-back fishing villages such as Agonda.</p>", "property_rating": 4, "package_description": "<p>Goa is a state in western India with coastlines stretching along the Arabian Sea. Its long history as a Portuguese colony prior to 1961 is evident in its preserved 17th-century churches and the area&rsquo;s tropical spice plantations. Goa is also known for its beaches, ranging from popular stretches at Baga and Palolem to those in laid-back fishing villages such as Agonda.</p>", "price_for_one": 5500, "price_for_four": 4700, "price_for_seven": 4200, "price_for_twelve": 4000, "price_for_eighteen": 3700, "duration": 5, "duration_nights": 4, "best_seasons_to_visit": "winter", "included_adventure": [3, 5], "inclusions": [1, 2, 3, 5, 6]}}, {"model": "homepage.destinationpackage", "pk": 5, "fields": {"snoi": 6, "title": "kanatal", "logo": "documents/destinationpackage/Bhrigu-Lake.jpg", "destination": 9, "head_description": "<p>amazing place to visit.</p>", "property_rating": 4, "package_description": "", "price_for_one": 5500, "price_for_four": null, "price_for_seven": null, "price_for_twelve": null, "price_for_eighteen": null, "duration": 4, "duration_nights": 3, "best_seasons_to_visit": "summer", "included_adventure": [], "inclusions": [1, 2, 4, 5, 6]}}, {"model": "homepage.upcomingtrip", "pk": 1, "fields": {"title": "Kasol and Kheerganga Trek", "logo": "documents/Kasol-kheerganga-trek-near-kullu_y1txk8.jpg", "departure": "Delhi", "start_date": "2018-04-20", "end_date": "2018-04-24", "head_description": "Get ready to experience a mesmerising view in the heart of Parvati Valley and for a thrilling trek to Kheerganga. And be prepared to feel the essence of purity in the heart of Himachal.", "price": 3500, "discount_price": 3100, "duration": 4, "itenary": 3, "destination": [5, 6], "associated_adventures": [9, 11], "inclusions": [1, 2, 3, 6]}}, {"model": "homepage.upcomingtrip", "pk": 2, "fields": {"title": "Howdy Party at Goa", "logo": "documents/Goa_Goa_Vagator_The-beautiful-Vagator-beach-in-Goa.jpg", "departure": "Delhi", "start_date": "2018-04-26", "end_date": "2018-05-01", "head_description": "Howdy Goa Trip Itinerary Goa! India\u2019s answer to Ibiza. From the relics of old Goa to the beaches of Baga and Calangute to flamed flea markets. Here is your complete itinerary for the Youth trip to Goa.", "price": 9000, "discount_price": 7500, "duration": 5, "itenary": 1, "destination": [1], "associated_adventures": [7, 10, 11], "inclusions": [1, 2, 3, 5, 6]}}, {"model": "homepage.upcomingtrip", "pk": 3, "fields": {"title": "Trekking in Mcleodganj Triund", "logo": "documents/Mcleodganj-1-600x400.jpg", "departure": "Patiala/Chandigarh", "start_date": "2018-04-18", "end_date": "2018-04-22", "head_description": "McLeod Ganj is a suburb of Dharamshala in Kangra district of Himachal Pradesh, India. It is known as \"Little Lhasa\" or \"Dhasa\" because of its large population of Tibetans.\r\nWith an amazing view.McLeod Ganj is a suburb of Dharamshala in Kangra district of Himachal Pradesh, India. It is known as \"Little Lhasa\" or \"Dhasa\" because of its large population of Tibetans.\r\nWith an amazing view.", "price": 7000, "discount_price": 6000, "duration": 4, "itenary": 5, "destination": [9], "associated_adventures": [9, 10, 11], "inclusions": [1, 2, 3, 4, 5, 6]}}, {"model": "homepage.upcomingtripitinerary", "pk": 1, "fields": {"upcoming_trip_package": 3, "day_detail": "<ul>\r\n<li><span><strong>Day 01</strong>- Departure at 7 PM (fixed departure) in deluxe ac (push back) bus.</span></li>\r\n</ul>"}}, {"model": "homepage.upcomingtripitinerary", "pk": 2, "fields": {"upcoming_trip_package": 3, "day_detail": "<ul>\r\n<li><span><strong>Day 02</strong> &ndash; Mcleodganj Hault in the midway for breakfast and proceed forward for Mcleodganj.<br /><br /></span></li>\r\n<li><span>Reach the hotel and check-in. Rest for sometime and Now proceed for Local Sightseeing like Dalai Lama Palace, Tibetian Institute.<br /><br /></span></li>\r\n<li><span>Lunch at the streets of mcleodganj. After Lunch Proceed for Local Sightseeing like St. John Church, Dal Lake, Bagsunag Temple.<br /><br /></span></li>\r\n<li><span>Recommended place around would be the bhagsu waterfall, Shiva cafe or if you&rsquo;re a Mexican food lover than cafe carpedium on the temple road are the places which you need to explore.<br /><br /></span></li>\r\n<li><span>Evening free for Shopping. Also you can leave for Dharamshala or Dal lake which is in close proximity to the hotel.<br /><br /></span></li>\r\n<li><span>Reach back to the hotel and get set go on the dance floor as the Dj setup is waiting for you.<br /><br /></span></li>\r\n<li><span>Exhaust yourself on the floor and Dinner will be served for you &amp; Overnight stay at the Hotel.</span></li>\r\n</ul>"}}, {"model": "homepage.upcomingtripitinerary", "pk": 3, "fields": {"upcoming_trip_package": 3, "day_detail": "<ul>\r\n<li><span>Day 03- Triund Wake up feel refreshed in the morning air and After Having Breakfast proceed for Triund Trekking. Start from Dharamkot and proceed towards Triund.<br /><br /></span></li>\r\n<li><span>Lunch will be served at the top. After filling up and wondering around we stay overnight in camp in Triund and bonfire will be lit up.<br /><br /></span></li>\r\n<li><span>Sit around bonfire and dinner will be served to you. Dinner and overnight stay in Triund at Camp.</span></li>\r\n</ul>"}}, {"model": "homepage.upcomingtripitinerary", "pk": 4, "fields": {"upcoming_trip_package": 3, "day_detail": "<ul>\r\n<li><span>Day 04- We will reach back early morning . Tour Ends With Sweet Memories with team Howdy Highlands.</span></li>\r\n</ul>"}}, {"model": "homepage.grouppackageitenerary", "pk": 1, "fields": {"destination_package": 1, "day_detail": "<p>&nbsp;&bull; Departure from Delhi Railway station to Goa. 14th January</p>"}}, {"model": "homepage.grouppackageitenerary", "pk": 2, "fields": {"destination_package": 1, "day_detail": "<p>&bull; Arrival Madgaon in the evening.<br />&bull; And Goa is On!<br />&bull; Transfer from Railway station to the 3* Resort in North Goa.&nbsp;Check-in and Room allotment on quad sharing.<br />&bull; Rest? No! Explore on your own or sit by pool and gossip about friend who cancelled the plan yet again.<br />&bull; Have your Dinner at the resort. 15th January</p>\r\n<p>&nbsp;</p>"}}, {"model": "homepage.grouppackageitenerary", "pk": 3, "fields": {"destination_package": 1, "day_detail": "<p><span>&bull; Wake up in the fresh air of Goa, freshen up and have your Breakfast as adventure awaits you.</span></p>\r\n<p><span>&bull; Reach Calangute&rsquo;s famous beach for the water adventure.</span></p>\r\n<p><span>&bull; Enjoy Jet Ski in the waves of open sea.</span></p>\r\n<p><span>&bull; Get hauled in the middle of the sea atop an inflatable banana boat.</span></p>\r\n<p><span>&bull; Enjoy Boat ride with friends.</span></p>\r\n<p><span>&bull; Spend some time at the beach and watch sun setting in the waters, yup it is as beautiful as it sounds. &bull; Reach back to resort for Dinner &bull; Have your Dinner in resort.</span></p>\r\n<p><span>&bull; After Dinner either go for a walk or rest in your room.</span></p>"}}, {"model": "homepage.grouppackageitenerary", "pk": 4, "fields": {"destination_package": 1, "day_detail": "<p>&bull; Wake up with a smile, you are in Goa. Have your Breakfast in the Resort</p>\r\n<p>&bull; Explore Goa on your own now take a Self-drive (at own cost) like most people do and explore.</p>\r\n<p>&bull; Explore South Goa beaches and markets on your own.</p>\r\n<p>&bull; Come back to the Resort in Evening. &bull; Spend time around bonfire and chitchat with friends.</p>\r\n<p>&bull; Nothing beats Live Music around a bonfire and to make this trip unbeatable we do have it.<br />Gala time</p>\r\n<p>&bull; Have Dinner in the Resort</p>"}}, {"model": "homepage.grouppackageitenerary", "pk": 5, "fields": {"destination_package": 1, "day_detail": "<p>&bull; Wake up in the morning and have Breakfast in the resort.</p>\r\n<p>&bull; Check-out from the hotel</p>\r\n<p>&bull; Transfer to Railway station.</p>\r\n<p>&bull;&nbsp;Back Journey to Home.</p>"}}, {"model": "homepage.grouppackagereview", "pk": 1, "fields": {"destination_package": 1, "customer_name": "Anshul Chauhan", "date_of_review": "2019-01-04", "review_content": "The best trip experience with anyone.", "customer_photo": "documents/customerphoto/harveyspec-img-5.jpg"}}, {"model": "homepage.grouppackagereview", "pk": 2, "fields": {"destination_package": 1, "customer_name": "Purushottam Meena", "date_of_review": "2019-01-02", "review_content": "The best goa experience anyone could have and it was wonderful tripping with them.\r\nThe best goa experience anyone could have and it was wonderful tripping with them.", "customer_photo": "documents/customerphoto/harveyspec-img-5_ZICEM8C.jpg"}}, {"model": "homepage.destinationimage", "pk": 1, "fields": {"destination": 1, "image": "http://s3.india.com/travel/wp-content/uploads/Goa_Goa_Vagator_The-beautiful-Vagator-beach-in-Goa.jpg"}}, {"model": "homepage.destinationimage", "pk": 2, "fields": {"destination": 1, "image": "http://s3.india.com/travel/wp-content/uploads/Goa_Goa_Vagator_Vagator-beach-in-Goa.jpg"}}, {"model": "homepage.destinationimage", "pk": 3, "fields": {"destination": 1, "image": "https://s-ec.bstatic.com/images/hotel/max1280x900/815/81575027.jpg"}}, {"model": "homepage.destinationimage", "pk": 4, "fields": {"destination": 1, "image": "http://s3.india.com/travel/wp-content/uploads/Goa_Goa_Vagator_Vagator-beach-in-Goa.jpg"}}, {"model": "homepage.destinationimage", "pk": 5, "fields": {"destination": 1, "image": "https://www.livemint.com/rf/Image-621x414/LiveMint/Period2/2017/12/16/Photos/Processed/goa5-k2VF--621x414@LiveMint.jpg"}}, {"model": "homepage.destinationimage", "pk": 6, "fields": {"destination": 1, "image": "https://s3.ap-south-1.amazonaws.com/zo-media/cache/_e8fda4761891bafb74df6a00249d17f1/Zostel_-_Calangute_GOA_-_1_1000x800.jpg"}}, {"model": "homepage.destinationimage", "pk": 7, "fields": {"destination": 4, "image": "https://media.cntraveller.in/wp-content/uploads/2017/01/goaresortlead-866x487.jpg"}}, {"model": "homepage.video", "pk": 1, "fields": {"link": "https://www.youtube.com/embed/iPMeJYuIVTg", "destination": 1}}, {"model": "homepage.video", "pk": 2, "fields": {"link": "https://www.youtube.com/embed/vJjbC_xoh3Y", "destination": 5}}, {"model": "homepage.video", "pk": 3, "fields": {"link": "https://www.youtube.com/embed/vjhEu3uBgnw", "destination": 4}}, {"model": "homepage.upcomingtripvideo", "pk": 1, "fields": {"link": "https://www.youtube.com/embed/SFDccedR-LU", "upcomingtrip": 3}}, {"model": "homepage.destinationpackagehighlights", "pk": 1, "fields": {"destination": 4, "title": "Parasailing"}}, {"model": "homepage.destinationpackagehighlights", "pk": 2, "fields": {"destination": 4, "title": "DJ Night"}}, {"model": "homepage.destinationpackagehighlights", "pk": 3, "fields": {"destination": 4, "title": "2 Meals"}}, {"model": "homepage.destinationpackagehighlights", "pk": 4, "fields": {"destination": 4, "title": "Paragliding"}}, {"model": "homepage.destinationpackagehighlights", "pk": 5, "fields": {"destination": 1, "title": "3-Star Stay"}}, {"model": "homepage.destinationpackagehighlights", "pk": 6, "fields": {"destination": 1, "title": "Parasailing"}}, {"model": "homepage.destinationpackagehighlights", "pk": 7, "fields": {"destination": 1, "title": "DJ-Night Bonfire"}}, {"model": "homepage.destinationpackagehighlights", "pk": 8, "fields": {"destination": 1, "title": "6 Sightseeingspots"}}, {"model": "homepage.upcomingtripimage", "pk": 1, "fields": {"destination": 3, "image": "https://www.holidify.com/images/bgImages/MCLEODGANJ.jpg"}}, {"model": "homepage.upcomingtripimage", "pk": 2, "fields": {"destination": 3, "image": "https://www.holidify.com/images/bgImages/MCLEODGANJ.jpg"}}, {"model": "homepage.upcomingtripimage", "pk": 3, "fields": {"destination": 3, "image": "https://www.holidify.com/images/bgImages/MCLEODGANJ.jpg"}}, {"model": "homepage.addon", "pk": 1, "fields": {"title": "Parasailing", "destination_package": 1, "price": 1500}}, {"model": "homepage.addon", "pk": 2, "fields": {"title": "Surfing", "destination_package": 1, "price": 800}}, {"model": "homepage.addon", "pk": 3, "fields": {"title": "Trekking", "destination_package": 1, "price": 600}}, {"model": "homepage.month", "pk": 1, "fields": {"month_of_year": "january"}}, {"model": "homepage.month", "pk": 2, "fields": {"month_of_year": "february"}}, {"model": "homepage.month", "pk": 3, "fields": {"month_of_year": "march"}}, {"model": "homepage.month", "pk": 4, "fields": {"month_of_year": "april"}}, {"model": "homepage.month", "pk": 5, "fields": {"month_of_year": "may"}}, {"model": "homepage.month", "pk": 6, "fields": {"month_of_year": "june"}}, {"model": "homepage.month", "pk": 7, "fields": {"month_of_year": "july"}}, {"model": "homepage.month", "pk": 8, "fields": {"month_of_year": "august"}}, {"model": "homepage.month", "pk": 9, "fields": {"month_of_year": "september"}}, {"model": "homepage.month", "pk": 10, "fields": {"month_of_year": "october"}}, {"model": "homepage.month", "pk": 11, "fields": {"month_of_year": "november"}}, {"model": "homepage.month", "pk": 12, "fields": {"month_of_year": "december"}}, {"model": "homepage.adventurepackage", "pk": 1, "fields": {"title": "Bungee Jumping Lonavala", "short_description": "Lonavala is one of the best and safest bungee jumping spots in India. It is also one of the closest spot for of Mumbai and Pune adventure junkies, located exactly halfway between the two.The Bungee jump height is 45 m and to do it you should be minimum 10 years old.", "adventure_form": "airbased", "destination": 11, "associated_adventure": 3, "price_per_person": 1300, "group_prices": 1100, "notes_for_activity": "<p><span>Clothing - Please dress according to the weather. Dress in comfortable, casual clothes. Skirts are not recommended! Footwear - Please refrain from wearing boots or anything that may interfere with ankle harnesses otherwise they will have to be removed prior to jumping. Trainers and securely fastened shoes are fine. Glasses / Contact lenses - Unfortunatley glasses and hard contact lenses cannot be worn however soft contact lenses for jumping are allowed.</span></p>", "level_of_difficulty_on_5": 3, "vendor": 1, "logo": "documents/adventurepackage/Bungee-Jumping-compressed.jpg", "months_of_year": [1, 2, 3, 4, 5, 6, 7, 8, 9, 10, 11, 12]}}, {"model": "homepage.adventurepackage", "pk": 2, "fields": {"title": "Bungee Jumping Bangalore", "short_description": "<p>Bangalore is known for offering memorable non-fixed bungee jumping in India. Proper safety measures are taken by the management for the visitors. Treat your eyes to the amazing sights when your reach your jump spot. It is going to be an amazing experience.</p>\r\n<p><strong> Height of Bungee Jumping</strong>: 25 m platform suspended from a 40 m high crane</p>\r\n<p><strong>Minimum Age</strong>: 18 years</p>", "adventure_form": "airbased", "destination": 12, "associated_adventure": 3, "price_per_person": 550, "group_prices": 500, "notes_for_activity": "<p><span>Clothing - Please dress according to the weather. Dress in comfortable, casual clothes. Skirts are not recommended! Footwear - Please refrain from wearing boots or anything that may interfere with ankle harnesses otherwise they will have to be removed prior to jumping. Trainers and securely fastened shoes are fine. Glasses / Contact lenses - Unfortunatley glasses and hard contact lenses cannot be worn however soft contact lenses for jumping are allowed</span></p>", "level_of_difficulty_on_5": 2, "vendor": 2, "logo": "documents/adventurepackage/Bungee-jump_FcvcZh5.jpg", "months_of_year": [1, 2, 3, 4, 5, 6, 9, 10, 11, 12]}}, {"model": "homepage.adventurepackage", "pk": 3, "fields": {"title": "Scuba diving", "short_description": "<p><span><strong>Beginner's Dive</strong></span><br /><span>No swimming skills required for this activity.</span><br /><span>videos and photographs are included</span><br /><span>Scuba diving certificate will be provided</span><br /><span>Scuba master accompanies with you in water</span></p>\r\n<p><span><strong>Specifications -</strong></span><br /><span>Maximum depth of the program is 8m.</span><br /><span><strong>Boat trip duration</strong>-25 minutes</span><br /><span>this is a morning dive.</span></p>", "adventure_form": "waterbased", "destination": 1, "associated_adventure": 7, "price_per_person": 4500, "group_prices": 4200, "notes_for_activity": "<p><span>Never drink and dive &ndash; Intoxication can put a diver in a compromised position. One being the inability to use common sense, and make rational judgments, especially when it involves safety. Don&rsquo;t eat a big meal before making your dive &ndash; You should wait at least two hours after eating before you make your dive. Diving on a full belly can put you in a dangerous situation. Not only creates the possibility of acquiring cramps, but also possible upchucking in your mouthpiece making it difficult to breathe. Never conceal any serious or chronic medical conditions you know to exist.</span></p>", "level_of_difficulty_on_5": 4, "vendor": 3, "logo": "documents/adventurepackage/scuba-diver-1050x700.jpg", "months_of_year": [1, 2, 3, 4, 5, 6, 9, 10, 11, 12]}}, {"model": "homepage.adventurepackage", "pk": 4, "fields": {"title": "Cycling lonavala", "short_description": "HELO", "adventure_form": "landbased", "destination": 11, "associated_adventure": 10, "price_per_person": 1600, "group_prices": null, "notes_for_activity": "<p>must carry courage.</p>", "level_of_difficulty_on_5": 4, "vendor": 1, "logo": "documents/adventurepackage/cycling_Z8wdcXh.jpeg", "months_of_year": [3]}}, {"model": "homepage.adventurepackage", "pk": 5, "fields": {"title": "Parasailing Goa", "short_description": "<p>The most amazing experience of flying above water and then slowly swiming down.</p>", "adventure_form": "waterbased", "destination": 1, "associated_adventure": 12, "price_per_person": 800, "group_prices": 700, "notes_for_activity": "<p>Please Note: Your clothes may get wet. So carry extra pair of clothes for after activity.</p>", "level_of_difficulty_on_5": 3, "vendor": 4, "logo": "documents/adventurepackage/cycling.jpeg", "months_of_year": [1, 2, 3, 4, 5, 6, 7, 8, 9, 10, 11]}}, {"model": "homepage.adventurepackage", "pk": 6, "fields": {"title": "Scuba Diving Goa", "short_description": "<p>Best scuba diving in corals.</p>", "adventure_form": "waterbased", "destination": 1, "associated_adventure": 7, "price_per_person": 4200, "group_prices": 4000, "notes_for_activity": "<p>gg</p>", "level_of_difficulty_on_5": 4, "vendor": 4, "logo": "documents/adventurepackage/Palolem_beach.jpg", "months_of_year": []}}, {"model": "homepage.requiredgear", "pk": 1, "fields": {"required_gear": 3, "title": "<p>Quick dry shorts/bathing suit.</p>"}}, {"model": "homepage.requiredgear", "pk": 2, "fields": {"required_gear": 3, "title": "<p>Synthetic shirt for warmth and sun protection.</p>"}}, {"model": "homepage.requiredgear", "pk": 3, "fields": {"required_gear": 3, "title": "<p>Sturdy footwear &ndash; sandals with straps (no flip-flops), sneakers, wetsuit boots.</p>"}}, {"model": "homepage.requiredgear", "pk": 4, "fields": {"required_gear": 2, "title": "<p>Full sleeves in legs.</p>"}}, {"model": "homepage.requiredgear", "pk": 5, "fields": {"required_gear": 6, "title": "<p>Extra shorts</p>"}}, {"model": "homepage.thingstodo", "pk": 1, "fields": {"title": "<a href=\"http://127.0.0.1:8000/postdetail/1/\" target=\"_blank\"> Dudhsagar Falls</a>", "destination": 1, "duration": "1 Day", "logo": "documents/ThingsToDo/Featured_Image.jpg.webp"}}, {"model": "homepage.thingstodo", "pk": 2, "fields": {"title": "Church in Goa", "destination": 1, "duration": "1 Day", "logo": "documents/ThingsToDo/St.-Andrews-Church.jpg"}}, {"model": "homepage.thingstodo", "pk": 3, "fields": {"title": "Calangute Beach", "destination": 1, "duration": "1 Day", "logo": "documents/ThingsToDo/118755122.jpg"}}, {"model": "homepage.thingstodo", "pk": 4, "fields": {"title": "Palolem Beach", "destination": 1, "duration": "1 Day", "logo": "documents/ThingsToDo/Palolem_beach.jpg"}}, {"model": "homepage.thingstodo", "pk": 5, "fields": {"title": "Coco Beach", "destination": 1, "duration": "1 Day", "logo": "documents/ThingsToDo/coco-beach.jpg"}}, {"model": "homepage.rental", "pk": 1, "fields": {"title": "Tents", "item": "Tent", "category": "tent", "price_per_day": 400, "price_after_three_days": 100, "logo": "https://www.rei.com/media/b940b48b-2fee-4dcf-9cdc-b1c98d52f6f7?size=1020x510", "associated_adventure": [7, 11]}}, {"model": "homepage.rental", "pk": 2, "fields": {"title": "Sleeping Bags", "item": "Sleeping Bag", "category": "sleepingbag", "price_per_day": 250, "price_after_three_days": 100, "logo": "https://www.phdesigns.co.uk/images/minim-400-down-sleeping-bag-22-7-14.png", "associated_adventure": [9, 11]}}, {"model": "homepage.rental", "pk": 3, "fields": {"title": "Rucksack", "item": "Rucksack", "category": "rucksack", "price_per_day": 150, "price_after_three_days": 50, "logo": "https://wildcraft.in/media/catalog/product/9/1/91NVlOQSXVL._SL1500__1.png", "associated_adventure": [5, 9, 11]}}, {"model": "homepage.rental", "pk": 4, "fields": {"title": "Go Pro Camera", "item": "Go Pro", "category": "accessory", "price_per_day": 400, "price_after_three_days": 200, "logo": "http://pngimg.com/uploads/gopro/gopro_PNG10002.png", "associated_adventure": [2, 3, 4, 5, 6, 7, 8, 9, 10, 11]}}, {"model": "homepage.rental", "pk": 5, "fields": {"title": "Sun Protect Glasses", "item": "Sun Glasses", "category": "accessory", "price_per_day": 200, "price_after_three_days": 100, "logo": "https://freepngimg.com/thumb/sunglasses/2-2-sunglasses-picture-thumb.png", "associated_adventure": [2, 3, 4, 9, 10, 11, 12]}}, {"model": "homepage.gallery", "pk": 1, "fields": {"title": "Howdy Trip To Rajasthan", "image": "http://morocco-exploration-trips.com/wp-content/gallery/group-tours/tripwithgroup.jpg"}}, {"model": "homepage.gallery", "pk": 2, "fields": {"title": "Fun at Triund", "image": "https://images.thrillophilia.com/image/upload/s--f3Sg2zK5--/c_fill,f_auto,fl_strip_profile,h_800,q_auto,w_1300/v1/images/photos/000/100/419/original/1473163191_triund.jpg.jpg?1473163191"}}, {"model": "homepage.gallery", "pk": 3, "fields": {"title": "Manali Group Trip", "image": "https://www.holidaytravelzone.com/bootstrap/images/package/uploads/original/Manali-Group-Tour-Package.jpg"}}, {"model": "homepage.articletag", "pk": 1, "fields": {"title": "Trekking"}}, {"model": "homepage.articletag", "pk": 2, "fields": {"title": "Adventure Thrill"}}, {"model": "homepage.articletag", "pk": 3, "fields": {"title": "Landbased Adventure"}}, {"model": "homepage.articletag", "pk": 4, "fields": {"title": "Himachal Treks"}}, {"model": "homepage.article", "pk": 1, "fields": {"title": "5 Unknown Treks in Himachal Pradesh", "logo": "https://i.pinimg.com/originals/b8/4c/63/b84c63e2041b344d02ddc15b37b4e625.jpg", "head_description": "If you've landed here, you're probably looking for a trek to do this summer. We understand it's hard for you to choose out of so many treks! So we've put down the 5 best treks to do this May and June.", "date_published": "2019-01-19", "destination": [1, 3, 5, 6, 9], "tag": [1, 2, 3, 4]}}, {"model": "homepage.article", "pk": 2, "fields": {"title": "Adventure Tours In Himachal", "logo": "http://www.howdyhighlands.in/wp-content/uploads/2018/03/1-1-872x636.jpg", "head_description": "Adventure tours in Himachal Pradesh are for individuals of any age and of differed tastes regarding activities. A large portion of such activities make use of hills in a few or the other route, as...", "date_published": "2018-04-16", "destination": [3, 5, 6], "tag": [2, 4]}}, {"model": "homepage.post", "pk": 1, "fields": {"title": "1. Charang Ghati Pass", "image": "http://www.howdyhighlands.in/wp-content/uploads/2018/04/Charang-ghati.jpg", "description": "<p><span>The trek to this ghati is on the troublesome side yet it&rsquo;s breathtaking for more than the view it offers. One, it is covered close to its beginning stage Kinnaur, which is encompassed by Tibet on the east, Garhwal on the south, Spiti Valley on the north and Kullu on the west. Second, given the various societies around the area, one can meet Kinnauri clan in transit and drench in their dialect and culture, which is an experience in itself. The base camp for the trek is Reckong Po which is accessible by road from Shimla, Delhi and different areas.</span></p>", "article": 1}}, {"model": "homepage.post", "pk": 2, "fields": {"title": "2. Darati Pass Trek", "image": "http://www.howdyhighlands.in/wp-content/uploads/2018/04/darati-pass-trek1.jpg", "description": "<p><span>A standout amongst the most unexplored treks in Himachal, this one takes you to the Pir Panjal run. It begins from Chamba and associates Churha valley with the Pangi Hills of the Himalayas.The far up to the go is through the Gujjar settlements that can be extremely useful to track your trail up the mountains. The trek begins simple and straightforward yet it turns out to be a significant experience as you draw near to the Darati Pass. This trek is situated in the high height of 4700 m, which makes it extreme however spectacular experience. The snow, solid breezes and even snow fall can be experienced and managed in transit. The drive to Chamba, regardless of which course you take is as troublesome as the trek itself. So go prepared!</span></p>", "article": 1}}, {"model": "homepage.post", "pk": 3, "fields": {"title": "3. Pin Parvati Trek", "image": "http://www.howdyhighlands.in/wp-content/uploads/2018/04/pin-parvati-pass-trek14.jpg", "description": "<p><span><strong>Pin Parvati</strong> pass isn&rsquo;t the most unheard area in the trekking circles, not to mention Himachal-particular treks. This pass was first traveled in 1884 to locate a backup way to go to Spiti Valley. The excellence of the trek lies in the enterprise and difficulties it postures while you appreciate the lavish green valley in Kullu and the magnificence of Spiti. The trek connects the Pin valley in Spiti and the Parvati Valley in Kullu, thus giving it the name it has. In transit, you will see thick elevated timberlands, ice sheet peaks, lakes and ofocurse the substantial snowfall gives it a great feeling that will stay scratched in your memory until the end of time.</span></p>", "article": 1}}, {"model": "homepage.post", "pk": 4, "fields": {"title": "4. Trek through Pabbar Valley", "image": "http://www.howdyhighlands.in/wp-content/uploads/2018/04/pabbar-valley.jpg", "description": "<p><span>This is a standout amongst the most unexplored treks that is carefully fit for first-timers and novices in the trekking world. The trek interfaces Shimla area to the Kinnaur valley, while you go through the thick forests,high knolls and the snow bound mountains that brings you into the apple plantations of the Sangia valley. It&rsquo;s an extraordinary trek on the off chance that you jump at the chance to investigate nearby culture while you climb your way up to the mountains.</span></p>", "article": 1}}, {"model": "homepage.post", "pk": 5, "fields": {"title": "5. Thachi Valley trek", "image": "http://www.howdyhighlands.in/wp-content/uploads/2018/04/Charang-ghati.jpg", "description": "<p><span>At a height of 3000 m above ocean level, this valley is found near the dazzling national Himalayan Park. It&rsquo;s a very quiet, untouched and absolutely unique area to consider trekking to. One can achieve the valley and afterward take basic treks to the pinnacles and waterfalls a couple of kms off the valley. You will not discover any lodgings, cabins or restaurants in Thachi however the local individuals will deal with that. As of late, local people have met up to advance their valley and motivate tourists to visit it.</span></p>", "article": 1}}, {"model": "homepage.post", "pk": 6, "fields": {"title": "1. Trekking in Himachal Pradesh", "image": "http://www.howdyhighlands.in/wp-content/uploads/2018/04/pin-parvati-pass-trek14.jpg", "description": "<p><span>Adventure tours in Himachal Pradesh are of various lengths and trouble levels for you to look over according to your desire or ability. The by walking endeavor to Hampta Pass is very prominent and is respected by every one of the individuals who have participated in it.</span></p>\r\n<p><strong><em>.Prashar Lake</em>&nbsp;Trek:</strong>&nbsp;One of the most beautiful weekend treks in Mandi.&nbsp;&hellip; The&nbsp;<em>Prashar Lake</em>&nbsp;trek is fit for individuals of all interest- and expertise levels.</p>\r\n<p><em><strong>&bull; Hampta Pass Trek:</strong>&nbsp;</em>Lying at an elevation of about 3960 meters, Hampta pass acts as a bridge between Kullu valley and Lahaul. While trekking, you will pass through amazing sights like thick forests of walnut, oak and pine trees, water streams and various villages located within the mountains. This trek is ideal for all the nature lovers as they can enjoy the beautiful spectrums of nature and remote culture.</p>\r\n<p><strong><em>&bull; Pin Parvati Pass Trek:</em></strong>&nbsp;With a maximum altitude of 17450 feet, this is a difficult trek and is recommended for seasoned trekkers.</p>\r\n<p><strong><em>&bull; Spiti Valley Trek with Homestay:</em>&nbsp;</strong>Spiti Valley is among the most remote places in the world to be inhabited and , trekking is an amazing way to explore this barren but beautiful valley! Trekking to some of the highest and marvellous monasteries and staying with the locals in a homestay will make your experience memorable. More about Trekking in Spiti Valley</p>\r\n<p><strong><em>&bull; Triund trek:</em></strong>&nbsp;A popular trekking destination in Himachal Pradesh, this salubrious hill entices its visitors with all its natural grandeur and appeal. While in Triund, you can easily gape in the astounding Dhauladhar Range on one side and the charismatic Kangra Valley on the other. Triund is at the foot of the Dhauladhar ranges and is at a height of 2,828 m.</p>", "article": 2}}, {"model": "homepage.post", "pk": 7, "fields": {"title": "2. Skiing in Himachal Pradesh", "image": "http://www.howdyhighlands.in/wp-content/uploads/2018/04/Audens-11.jpg", "description": "<p><span>Skiing is the ultimate sport to take up for making the most of adventure tours in Himachal Pradesh taken in the winter season. Skiing in the state is most famously held in Solang Valley.</span></p>\r\n<p><strong><em>&bull; Skiing in Solang Valley:</em></strong>&nbsp;The valley lies at an approximate elevation of 8400 feet above the sea. Board the gondola from its base station, and be transported to a height of around 9000 feet above sea level, to the top of the ski point. From here, there is an uninterrupted drop of over half-a-kilometre, which will make your heart beat faster.</p>\r\n<p><strong><em>&bull; Season:</em></strong>&nbsp;As it depends on the natural availability of snow, skiing will only be organised in the months of December, January and February.</p>\r\n<p><strong><em>&bull; Time:</em>&nbsp;</strong>The best time to ski is during the height of day, when the sun is at its strongest. This period is ideal for the activity as the heat will keep the snow fluffy, and prevent it from turning into ice.</p>", "article": 2}}, {"model": "homepage.post", "pk": 8, "fields": {"title": "3. Camping in Himachal Pradesh", "image": "http://www.howdyhighlands.in/wp-content/uploads/2018/04/Audens-11.jpg", "description": "<p>There is a horde of beautiful and serene locations if you want to take adventure tours in Himachal Pradesh to camp.Camping in Himachal Pradesh is certainly the best way to reconnect with nature. Discover the true shades of serene yet volatile landscapes by spending a day in the hills camping. Camping is probably the best holiday activity for those who are seeking for an escape from the mundane hustle and bustle of daily life.</p>\r\n<p><strong><em>&nbsp;Shimla:</em>&nbsp;</strong>The capital of the state is additionally among the principal spots to camp. Its beautiful magnificence, cool climate and tranquil outdoors spots make it a perfect place to invest your energy unobtrusively.</p>\r\n<p><strong><em>&bull; Dharamsala:</em>&nbsp;</strong>While remaining here in tents, make sure to click loads of photographs of the landscape of the territory and of the Dhauladhar Range.</p>\r\n<p><strong><em>&bull; Shoghi:</em></strong>&nbsp;Located roughly 5700 feet over the ocean, Shoghi is another stunning spot in the state to set up tents. The air sifted and scented by pine trees will keep you ever-new.</p>\r\n<p><strong><em>&bull; Sangla Valley:</em>&nbsp;</strong>The campgrounds here utilize the mountains to sort out energizing engagements like waterway crossing, rappelling and shake climbing.</p>\r\n<p><strong><em>&bull; Sojha:</em></strong>&nbsp;The town of Sojha has a height of around 8860 feet, and the scene here is totally secured by coniferous trees. Forests of fruits and apples make the place considerably prettier, and activities here incorporate trekking and untamed life spotting.</p>\r\n<p><em><strong>&bull; Thanedar:</strong></em>&nbsp;The apple capital of the state, Thanedar is honored with rich normal excellence and a cool atmosphere.</p>\r\n<p>Find out about other prevalent choices for Camping in Himachal Pradesh.</p>", "article": 2}}, {"model": "homepage.post", "pk": 9, "fields": {"title": "4. Paragliding in Himachal Pradesh", "image": "https://5.imimg.com/data5/XL/GY/GLADMIN-9125725/paragliding-package-500x500.png", "description": "<p><span>Go on dventure tours in Himachal Pradesh in the late spring season to participate in paragliding. The movement is prevalent in the state attributable to its slopes, which are utilized as propelling spots. Paragliding in the state is facilitated in Solang Valley, which has just been portrayed above, and the twin spots of Bir and Billing.</span></p>\r\n<p><strong><em>Paragliding in Bir Billing:</em></strong>&nbsp;The flights are propelled into the air from Bir, which has an elevation of around 7800 feet. When the time has come to descend, you will arrive at Billing, which has a height of around 5003 feet above ocean level.</p>\r\n<p>Find out about other prominent choices for Paragliding in Himachal Pradesh.</p>", "article": 2}}, {"model": "homepage.post", "pk": 10, "fields": {"title": "5. Motorbiking and Road Trips in Himachal Pradesh", "image": "http://www.howdyhighlands.in/wp-content/uploads/2017/05/IMG_9385-1920-1280-1024x683.jpg", "description": "<p><span>A portion of the best adventure tours in Himachal Pradesh take you from Manali along the thin and twisting streets of the mountains to Leh. You will drive through destinations like Sarchu, Gata Loops, Morey Plains, Baralacha La, Khardung La, Nubra Valley, Kargil, Dras, Pangong Tso, Keylong, Tanlang La and Rumtse. The level landscape of Morey Plains will give you a casual driving knowledge while the clasp curves of Gata Loops will send chills down your spine.</span></p>\r\n<p><em><strong>&bull; Delhi to Spiti Motorbike Expedition through Manali:</strong>&nbsp;</em>Nothing can be more daring than taking a 11 days&rsquo; bicycle excursion to India&rsquo;s a standout amongst the most unexplored and strange goals! The scenes of Spiti, the consistently changing shades of Chandratal Lake, 1000 years of age religious communities, and captivating Himalayan Peaks will blow your mind!</p>\r\n<p><em><strong>&bull; Motorbike Expedition from Manali to Ladakh:</strong></em>&nbsp;Escape to the heaven and burn through 15 days in the midst of the Himalayas! This bicycle excursion will offer you the ideal mix of infertile excellence and enterprise. From remote towns of Himachal Pradesh to the Land of High Altitude Passes, investigate the charming valleys on your fantasy bicycle trip!</p>\r\n<p>A drive through the streets in Himachal Pradesh will get you nearer to the crude magnificence in the midst of mountains. Driving through the Gata Loops of Manali-Leh Highway will be a standout amongst the most exciting encounters of your life. Ride on the Hindustan-Tibet Highway and investigate the Spiti Valley and its charming scenes.</p>", "article": 2}}, {"model": "homepage.howdystays", "pk": 1, "fields": {"title": "Hatu Peak, Narkhanda", "location": 2, "property_description": "<p>We bring in the most exquisite stays in India in the very heart of nature. Be away from all the daily bustles and hustles in life and enjoy a peaceful stay at our Hideout.&nbsp;</p>\r\n<p><strong>Find many more adventures and activities mentioned,&nbsp;</strong>and enjoy a pleasant stay with us.</p>", "price_per_room": 1500, "price_deluxe_room": null, "price_suite_room": null, "capacity_allowed": null, "ep_per_person": 0, "cp_per_person": 200, "ap_per_person": 350, "mapai_per_person": 400, "inclusions": [2, 3, 5, 6]}}, {"model": "homepage.howdystays", "pk": 2, "fields": {"title": "Goa", "location": 1, "property_description": "<p>onkmok</p>", "price_per_room": 2200, "price_deluxe_room": null, "price_suite_room": null, "capacity_allowed": 3, "ep_per_person": 2200, "cp_per_person": 2400, "ap_per_person": 2650, "mapai_per_person": 2800, "inclusions": [2, 3, 5, 6]}}, {"model": "homepage.stayaddon", "pk": 1, "fields": {"title": "Cycling", "destination_package": 1, "price": 200}}, {"model": "homepage.stayaddon", "pk": 2, "fields": {"title": "Rock Climbing", "destination_package": 1, "price": 600}}, {"model": "homepage.stayaddon", "pk": 3, "fields": {"title": "Bonfire", "destination_package": 1, "price": 250}}, {"model": "homepage.stayaddon", "pk": 4, "fields": {"title": "Cycling", "destination_package": 2, "price": 500}}, {"model": "homepage.stayaddon", "pk": 5, "fields": {"title": "Surfing", "destination_package": 2, "price": 400}}, {"model": "homepage.stayimage", "pk": 1, "fields": {"destination": 1, "image": "https://www.holidify.com/images/cmsuploads/compressed/hatu-peak_20180208151513.jpg"}}, {"model": "homepage.stayimage", "pk": 2, "fields": {"destination": 1, "image": "https://d27k8xmh3cuzik.cloudfront.net/wp-content/uploads/2017/09/acj-1309-hatu-peak-cover.jpg"}}, {"model": "homepage.stayimage", "pk": 3, "fields": {"destination": 1, "image": "https://d27k8xmh3cuzik.cloudfront.net/wp-content/uploads/2017/09/acj-1409-hatu-peak-stays-the-hatu.jpg"}}, {"model": "homepage.stayimage", "pk": 4, "fields": {"destination": 2, "image": "https://d27k8xmh3cuzik.cloudfront.net/wp-content/uploads/2017/09/acj-1409-hatu-peak-stays-the-hatu.jpg"}}, {"model": "homepage.stayimage", "pk": 5, "fields": {"destination": 2, "image": "https://d27k8xmh3cuzik.cloudfront.net/wp-content/uploads/2017/09/acj-1409-hatu-peak-stays-the-hatu.jpg"}}, {"model": "auth.permission", "pk": 1, "fields": {"name": "Can add log entry", "content_type": 1, "codename": "add_logentry"}}, {"model": "auth.permission", "pk": 2, "fields": {"name": "Can change log entry", "content_type": 1, "codename": "change_logentry"}}, {"model": "auth.permission", "pk": 3, "fields": {"name": "Can delete log entry", "content_type": 1, "codename": "delete_logentry"}}, {"model": "auth.permission", "pk": 4, "fields": {"name": "Can add group", "content_type": 2, "codename": "add_group"}}, {"model": "auth.permission", "pk": 5, "fields": {"name": "Can change group", "content_type": 2, "codename": "change_group"}}, {"model": "auth.permission", "pk": 6, "fields": {"name": "Can delete group", "content_type": 2, "codename": "delete_group"}}, {"model": "auth.permission", "pk": 7, "fields": {"name": "Can add permission", "content_type": 3, "codename": "add_permission"}}, {"model": "auth.permission", "pk": 8, "fields": {"name": "Can change permission", "content_type": 3, "codename": "change_permission"}}, {"model": "auth.permission", "pk": 9, "fields": {"name": "Can delete permission", "content_type": 3, "codename": "delete_permission"}}, {"model": "auth.permission", "pk": 10, "fields": {"name": "Can add user", "content_type": 4, "codename": "add_user"}}, {"model": "auth.permission", "pk": 11, "fields": {"name": "Can change user", "content_type": 4, "codename": "change_user"}}, {"model": "auth.permission", "pk": 12, "fields": {"name": "Can delete user", "content_type": 4, "codename": "delete_user"}}, {"model": "auth.permission", "pk": 13, "fields": {"name": "Can add content type", "content_type": 5, "codename": "add_contenttype"}}, {"model": "auth.permission", "pk": 14, "fields": {"name": "Can change content type", "content_type": 5, "codename": "change_contenttype"}}, {"model": "auth.permission", "pk": 15, "fields": {"name": "Can delete content type", "content_type": 5, "codename": "delete_contenttype"}}, {"model": "auth.permission", "pk": 16, "fields": {"name": "Can add session", "content_type": 6, "codename": "add_session"}}, {"model": "auth.permission", "pk": 17, "fields": {"name": "Can change session", "content_type": 6, "codename": "change_session"}}, {"model": "auth.permission", "pk": 18, "fields": {"name": "Can delete session", "content_type": 6, "codename": "delete_session"}}, {"model": "auth.permission", "pk": 19, "fields": {"name": "Can add destination", "content_type": 7, "codename": "add_destination"}}, {"model": "auth.permission", "pk": 20, "fields": {"name": "Can change destination", "content_type": 7, "codename": "change_destination"}}, {"model": "auth.permission", "pk": 21, "fields": {"name": "Can delete destination", "content_type": 7, "codename": "delete_destination"}}, {"model": "auth.permission", "pk": 22, "fields": {"name": "Can add trip", "content_type": 8, "codename": "add_trip"}}, {"model": "auth.permission", "pk": 23, "fields": {"name": "Can change trip", "content_type": 8, "codename": "change_trip"}}, {"model": "auth.permission", "pk": 24, "fields": {"name": "Can delete trip", "content_type": 8, "codename": "delete_trip"}}, {"model": "auth.permission", "pk": 25, "fields": {"name": "Can add upcoming trip", "content_type": 9, "codename": "add_upcomingtrip"}}, {"model": "auth.permission", "pk": 26, "fields": {"name": "Can change upcoming trip", "content_type": 9, "codename": "change_upcomingtrip"}}, {"model": "auth.permission", "pk": 27, "fields": {"name": "Can delete upcoming trip", "content_type": 9, "codename": "delete_upcomingtrip"}}, {"model": "auth.permission", "pk": 28, "fields": {"name": "Can add adventure", "content_type": 10, "codename": "add_adventure"}}, {"model": "auth.permission", "pk": 29, "fields": {"name": "Can change adventure", "content_type": 10, "codename": "change_adventure"}}, {"model": "auth.permission", "pk": 30, "fields": {"name": "Can delete adventure", "content_type": 10, "codename": "delete_adventure"}}, {"model": "auth.permission", "pk": 31, "fields": {"name": "Can add itenary", "content_type": 11, "codename": "add_itenary"}}, {"model": "auth.permission", "pk": 32, "fields": {"name": "Can change itenary", "content_type": 11, "codename": "change_itenary"}}, {"model": "auth.permission", "pk": 33, "fields": {"name": "Can delete itenary", "content_type": 11, "codename": "delete_itenary"}}, {"model": "auth.permission", "pk": 34, "fields": {"name": "Can add destination package", "content_type": 8, "codename": "add_destinationpackage"}}, {"model": "auth.permission", "pk": 35, "fields": {"name": "Can change destination package", "content_type": 8, "codename": "change_destinationpackage"}}, {"model": "auth.permission", "pk": 36, "fields": {"name": "Can delete destination package", "content_type": 8, "codename": "delete_destinationpackage"}}, {"model": "auth.permission", "pk": 37, "fields": {"name": "Can add destinationimage", "content_type": 12, "codename": "add_destinationimage"}}, {"model": "auth.permission", "pk": 38, "fields": {"name": "Can change destinationimage", "content_type": 12, "codename": "change_destinationimage"}}, {"model": "auth.permission", "pk": 39, "fields": {"name": "Can delete destinationimage", "content_type": 12, "codename": "delete_destinationimage"}}, {"model": "auth.permission", "pk": 40, "fields": {"name": "Can add adventure_package", "content_type": 13, "codename": "add_adventure_package"}}, {"model": "auth.permission", "pk": 41, "fields": {"name": "Can change adventure_package", "content_type": 13, "codename": "change_adventure_package"}}, {"model": "auth.permission", "pk": 42, "fields": {"name": "Can delete adventure_package", "content_type": 13, "codename": "delete_adventure_package"}}, {"model": "auth.permission", "pk": 43, "fields": {"name": "Can add adventurepackage", "content_type": 13, "codename": "add_adventurepackage"}}, {"model": "auth.permission", "pk": 44, "fields": {"name": "Can change adventurepackage", "content_type": 13, "codename": "change_adventurepackage"}}, {"model": "auth.permission", "pk": 45, "fields": {"name": "Can delete adventurepackage", "content_type": 13, "codename": "delete_adventurepackage"}}, {"model": "auth.permission", "pk": 46, "fields": {"name": "Can add rental", "content_type": 14, "codename": "add_rental"}}, {"model": "auth.permission", "pk": 47, "fields": {"name": "Can change rental", "content_type": 14, "codename": "change_rental"}}, {"model": "auth.permission", "pk": 48, "fields": {"name": "Can delete rental", "content_type": 14, "codename": "delete_rental"}}, {"model": "auth.permission", "pk": 49, "fields": {"name": "Can add gallery", "content_type": 15, "codename": "add_gallery"}}, {"model": "auth.permission", "pk": 50, "fields": {"name": "Can change gallery", "content_type": 15, "codename": "change_gallery"}}, {"model": "auth.permission", "pk": 51, "fields": {"name": "Can delete gallery", "content_type": 15, "codename": "delete_gallery"}}, {"model": "auth.permission", "pk": 52, "fields": {"name": "Can add post", "content_type": 16, "codename": "add_post"}}, {"model": "auth.permission", "pk": 53, "fields": {"name": "Can change post", "content_type": 16, "codename": "change_post"}}, {"model": "auth.permission", "pk": 54, "fields": {"name": "Can delete post", "content_type": 16, "codename": "delete_post"}}, {"model": "auth.permission", "pk": 55, "fields": {"name": "Can add article", "content_type": 17, "codename": "add_article"}}, {"model": "auth.permission", "pk": 56, "fields": {"name": "Can change article", "content_type": 17, "codename": "change_article"}}, {"model": "auth.permission", "pk": 57, "fields": {"name": "Can delete article", "content_type": 17, "codename": "delete_article"}}, {"model": "auth.permission", "pk": 58, "fields": {"name": "Can add addon", "content_type": 18, "codename": "add_addon"}}, {"model": "auth.permission", "pk": 59, "fields": {"name": "Can change addon", "content_type": 18, "codename": "change_addon"}}, {"model": "auth.permission", "pk": 60, "fields": {"name": "Can delete addon", "content_type": 18, "codename": "delete_addon"}}, {"model": "auth.permission", "pk": 61, "fields": {"name": "Can add inclusion", "content_type": 19, "codename": "add_inclusion"}}, {"model": "auth.permission", "pk": 62, "fields": {"name": "Can change inclusion", "content_type": 19, "codename": "change_inclusion"}}, {"model": "auth.permission", "pk": 63, "fields": {"name": "Can delete inclusion", "content_type": 19, "codename": "delete_inclusion"}}, {"model": "auth.permission", "pk": 64, "fields": {"name": "Can add tagged item", "content_type": 20, "codename": "add_taggeditem"}}, {"model": "auth.permission", "pk": 65, "fields": {"name": "Can change tagged item", "content_type": 20, "codename": "change_taggeditem"}}, {"model": "auth.permission", "pk": 66, "fields": {"name": "Can delete tagged item", "content_type": 20, "codename": "delete_taggeditem"}}, {"model": "auth.permission", "pk": 67, "fields": {"name": "Can add tag", "content_type": 21, "codename": "add_tag"}}, {"model": "auth.permission", "pk": 68, "fields": {"name": "Can change tag", "content_type": 21, "codename": "change_tag"}}, {"model": "auth.permission", "pk": 69, "fields": {"name": "Can delete tag", "content_type": 21, "codename": "delete_tag"}}, {"model": "auth.permission", "pk": 70, "fields": {"name": "Can add things to do", "content_type": 22, "codename": "add_thingstodo"}}, {"model": "auth.permission", "pk": 71, "fields": {"name": "Can change things to do", "content_type": 22, "codename": "change_thingstodo"}}, {"model": "auth.permission", "pk": 72, "fields": {"name": "Can delete things to do", "content_type": 22, "codename": "delete_thingstodo"}}, {"model": "auth.permission", "pk": 73, "fields": {"name": "Can add adventurevendor", "content_type": 23, "codename": "add_adventurevendor"}}, {"model": "auth.permission", "pk": 74, "fields": {"name": "Can change adventurevendor", "content_type": 23, "codename": "change_adventurevendor"}}, {"model": "auth.permission", "pk": 75, "fields": {"name": "Can delete adventurevendor", "content_type": 23, "codename": "delete_adventurevendor"}}, {"model": "auth.permission", "pk": 76, "fields": {"name": "Can add adventuregear", "content_type": 24, "codename": "add_adventuregear"}}, {"model": "auth.permission", "pk": 77, "fields": {"name": "Can change adventuregear", "content_type": 24, "codename": "change_adventuregear"}}, {"model": "auth.permission", "pk": 78, "fields": {"name": "Can delete adventuregear", "content_type": 24, "codename": "delete_adventuregear"}}, {"model": "auth.permission", "pk": 79, "fields": {"name": "Can add month", "content_type": 25, "codename": "add_month"}}, {"model": "auth.permission", "pk": 80, "fields": {"name": "Can change month", "content_type": 25, "codename": "change_month"}}, {"model": "auth.permission", "pk": 81, "fields": {"name": "Can delete month", "content_type": 25, "codename": "delete_month"}}, {"model": "auth.permission", "pk": 82, "fields": {"name": "Can add adventuredestination", "content_type": 26, "codename": "add_adventuredestination"}}, {"model": "auth.permission", "pk": 83, "fields": {"name": "Can change adventuredestination", "content_type": 26, "codename": "change_adventuredestination"}}, {"model": "auth.permission", "pk": 84, "fields": {"name": "Can delete adventuredestination", "content_type": 26, "codename": "delete_adventuredestination"}}, {"model": "auth.permission", "pk": 85, "fields": {"name": "Can add adventureimage", "content_type": 27, "codename": "add_adventureimage"}}, {"model": "auth.permission", "pk": 86, "fields": {"name": "Can change adventureimage", "content_type": 27, "codename": "change_adventureimage"}}, {"model": "auth.permission", "pk": 87, "fields": {"name": "Can delete adventureimage", "content_type": 27, "codename": "delete_adventureimage"}}, {"model": "auth.permission", "pk": 88, "fields": {"name": "Can add months", "content_type": 28, "codename": "add_months"}}, {"model": "auth.permission", "pk": 89, "fields": {"name": "Can change months", "content_type": 28, "codename": "change_months"}}, {"model": "auth.permission", "pk": 90, "fields": {"name": "Can delete months", "content_type": 28, "codename": "delete_months"}}, {"model": "auth.permission", "pk": 91, "fields": {"name": "Can add upcoming trip image", "content_type": 29, "codename": "add_upcomingtripimage"}}, {"model": "auth.permission", "pk": 92, "fields": {"name": "Can change upcoming trip image", "content_type": 29, "codename": "change_upcomingtripimage"}}, {"model": "auth.permission", "pk": 93, "fields": {"name": "Can delete upcoming trip image", "content_type": 29, "codename": "delete_upcomingtripimage"}}, {"model": "auth.permission", "pk": 94, "fields": {"name": "Can add stay addon", "content_type": 30, "codename": "add_stayaddon"}}, {"model": "auth.permission", "pk": 95, "fields": {"name": "Can change stay addon", "content_type": 30, "codename": "change_stayaddon"}}, {"model": "auth.permission", "pk": 96, "fields": {"name": "Can delete stay addon", "content_type": 30, "codename": "delete_stayaddon"}}, {"model": "auth.permission", "pk": 97, "fields": {"name": "Can add howdystays", "content_type": 31, "codename": "add_howdystays"}}, {"model": "auth.permission", "pk": 98, "fields": {"name": "Can change howdystays", "content_type": 31, "codename": "change_howdystays"}}, {"model": "auth.permission", "pk": 99, "fields": {"name": "Can delete howdystays", "content_type": 31, "codename": "delete_howdystays"}}, {"model": "auth.permission", "pk": 100, "fields": {"name": "Can add stayimage", "content_type": 32, "codename": "add_stayimage"}}, {"model": "auth.permission", "pk": 101, "fields": {"name": "Can change stayimage", "content_type": 32, "codename": "change_stayimage"}}, {"model": "auth.permission", "pk": 102, "fields": {"name": "Can delete stayimage", "content_type": 32, "codename": "delete_stayimage"}}, {"model": "auth.permission", "pk": 103, "fields": {"name": "Can add group packageitenerary", "content_type": 33, "codename": "add_grouppackageitenerary"}}, {"model": "auth.permission", "pk": 104, "fields": {"name": "Can change group packageitenerary", "content_type": 33, "codename": "change_grouppackageitenerary"}}, {"model": "auth.permission", "pk": 105, "fields": {"name": "Can delete group packageitenerary", "content_type": 33, "codename": "delete_grouppackageitenerary"}}, {"model": "auth.permission", "pk": 106, "fields": {"name": "Can add upcoming trip itinerary", "content_type": 34, "codename": "add_upcomingtripitinerary"}}, {"model": "auth.permission", "pk": 107, "fields": {"name": "Can change upcoming trip itinerary", "content_type": 34, "codename": "change_upcomingtripitinerary"}}, {"model": "auth.permission", "pk": 108, "fields": {"name": "Can delete upcoming trip itinerary", "content_type": 34, "codename": "delete_upcomingtripitinerary"}}, {"model": "auth.permission", "pk": 109, "fields": {"name": "Can add destinationpackagehighlights", "content_type": 35, "codename": "add_destinationpackagehighlights"}}, {"model": "auth.permission", "pk": 110, "fields": {"name": "Can change destinationpackagehighlights", "content_type": 35, "codename": "change_destinationpackagehighlights"}}, {"model": "auth.permission", "pk": 111, "fields": {"name": "Can delete destinationpackagehighlights", "content_type": 35, "codename": "delete_destinationpackagehighlights"}}, {"model": "auth.permission", "pk": 112, "fields": {"name": "Can add requiredgear", "content_type": 36, "codename": "add_requiredgear"}}, {"model": "auth.permission", "pk": 113, "fields": {"name": "Can change requiredgear", "content_type": 36, "codename": "change_requiredgear"}}, {"model": "auth.permission", "pk": 114, "fields": {"name": "Can delete requiredgear", "content_type": 36, "codename": "delete_requiredgear"}}, {"model": "auth.permission", "pk": 115, "fields": {"name": "Can add group package review", "content_type": 37, "codename": "add_grouppackagereview"}}, {"model": "auth.permission", "pk": 116, "fields": {"name": "Can change group package review", "content_type": 37, "codename": "change_grouppackagereview"}}, {"model": "auth.permission", "pk": 117, "fields": {"name": "Can delete group package review", "content_type": 37, "codename": "delete_grouppackagereview"}}, {"model": "auth.permission", "pk": 118, "fields": {"name": "Can add articletag", "content_type": 38, "codename": "add_articletag"}}, {"model": "auth.permission", "pk": 119, "fields": {"name": "Can change articletag", "content_type": 38, "codename": "change_articletag"}}, {"model": "auth.permission", "pk": 120, "fields": {"name": "Can delete articletag", "content_type": 38, "codename": "delete_articletag"}}, {"model": "auth.permission", "pk": 121, "fields": {"name": "Can add video", "content_type": 39, "codename": "add_video"}}, {"model": "auth.permission", "pk": 122, "fields": {"name": "Can change video", "content_type": 39, "codename": "change_video"}}, {"model": "auth.permission", "pk": 123, "fields": {"name": "Can delete video", "content_type": 39, "codename": "delete_video"}}, {"model": "auth.permission", "pk": 124, "fields": {"name": "Can add upcomingtrip video", "content_type": 40, "codename": "add_upcomingtripvideo"}}, {"model": "auth.permission", "pk": 125, "fields": {"name": "Can change upcomingtrip video", "content_type": 40, "codename": "change_upcomingtripvideo"}}, {"model": "auth.permission", "pk": 126, "fields": {"name": "Can delete upcomingtrip video", "content_type": 40, "codename": "delete_upcomingtripvideo"}}, {"model": "auth.user", "pk": 1, "fields": {"password": "pbkdf2_sha256$36000$3zoSYE8nZ0Ua$13UZ9WWOyRgrhan9OSADup+54SO0IrtuzIBR8ok3RYU=", "last_login": "2019-02-23T16:51:49.849Z", "is_superuser": true, "username": "mr_robot", "first_name": "", "last_name": "", "email": "tusharbloger12@gmail.com", "is_staff": true, "is_active": true, "date_joined": "2018-03-21T10:33:29.770Z", "groups": [], "user_permissions": []}}, {"model": "auth.user", "pk": 2, "fields": {"password": "pbkdf2_sha256$36000$V7FJVcrKOrfW$vPzgqgmlYmY6qFCyPOVxp4wuclojGhYj4Co7KHaT13A=", "last_login": null, "is_superuser": true, "username": "tushar", "first_name": "", "last_name": "", "email": "tusharblogger12@gmail.com", "is_staff": true, "is_active": true, "date_joined": "2018-03-27T08:04:04.157Z", "groups": [], "user_permissions": []}}, {"model": "admin.logentry", "pk": 1, "fields": {"action_time": "2018-03-27T08:28:45.926Z", "user": 1, "content_type": 11, "object_id": "1", "object_repr": "Itenary object", "action_flag": 1, "change_message": "[{\"added\": {}}]"}}, {"model": "admin.logentry", "pk": 2, "fields": {"action_time": "2018-03-27T08:29:51.710Z", "user": 1, "content_type": 10, "object_id": "1", "object_repr": "Adventure object", "action_flag": 1, "change_message": "[{\"added\": {}}]"}}, {"model": "admin.logentry", "pk": 3, "fields": {"action_time": "2018-03-27T08:31:01.033Z", "user": 1, "content_type": 11, "object_id": "1", "object_repr": "Itenary object", "action_flag": 3, "change_message": ""}}, {"model": "admin.logentry", "pk": 4, "fields": {"action_time": "2018-03-27T08:31:10.697Z", "user": 1, "content_type": 10, "object_id": "1", "object_repr": "Adventure object", "action_flag": 3, "change_message": ""}}, {"model": "admin.logentry", "pk": 5, "fields": {"action_time": "2018-03-28T04:38:46.275Z", "user": 1, "content_type": 10, "object_id": "2", "object_repr": "Paragliding", "action_flag": 1, "change_message": "[{\"added\": {}}]"}}, {"model": "admin.logentry", "pk": 6, "fields": {"action_time": "2018-03-28T04:39:02.790Z", "user": 1, "content_type": 10, "object_id": "3", "object_repr": "Bungee Jumping", "action_flag": 1, "change_message": "[{\"added\": {}}]"}}, {"model": "admin.logentry", "pk": 7, "fields": {"action_time": "2018-03-28T04:39:20.490Z", "user": 1, "content_type": 10, "object_id": "4", "object_repr": "River Rafting", "action_flag": 1, "change_message": "[{\"added\": {}}]"}}, {"model": "admin.logentry", "pk": 8, "fields": {"action_time": "2018-03-28T04:39:27.561Z", "user": 1, "content_type": 10, "object_id": "5", "object_repr": "Biking", "action_flag": 1, "change_message": "[{\"added\": {}}]"}}, {"model": "admin.logentry", "pk": 9, "fields": {"action_time": "2018-03-28T04:39:34.354Z", "user": 1, "content_type": 10, "object_id": "6", "object_repr": "Mountain Biking", "action_flag": 1, "change_message": "[{\"added\": {}}]"}}, {"model": "admin.logentry", "pk": 10, "fields": {"action_time": "2018-03-28T04:39:44.949Z", "user": 1, "content_type": 10, "object_id": "7", "object_repr": "Scuba Diving", "action_flag": 1, "change_message": "[{\"added\": {}}]"}}, {"model": "admin.logentry", "pk": 11, "fields": {"action_time": "2018-03-28T04:40:02.367Z", "user": 1, "content_type": 10, "object_id": "8", "object_repr": "Skiing", "action_flag": 1, "change_message": "[{\"added\": {}}]"}}, {"model": "admin.logentry", "pk": 12, "fields": {"action_time": "2018-03-28T04:40:18.476Z", "user": 1, "content_type": 10, "object_id": "9", "object_repr": "Trekking", "action_flag": 1, "change_message": "[{\"added\": {}}]"}}, {"model": "admin.logentry", "pk": 13, "fields": {"action_time": "2018-03-28T04:40:25.232Z", "user": 1, "content_type": 10, "object_id": "10", "object_repr": "Cycling", "action_flag": 1, "change_message": "[{\"added\": {}}]"}}, {"model": "admin.logentry", "pk": 14, "fields": {"action_time": "2018-03-28T04:42:29.047Z", "user": 1, "content_type": 10, "object_id": "11", "object_repr": "Camping", "action_flag": 1, "change_message": "[{\"added\": {}}]"}}, {"model": "admin.logentry", "pk": 15, "fields": {"action_time": "2018-03-28T04:43:05.035Z", "user": 1, "content_type": 7, "object_id": "1", "object_repr": "Goa", "action_flag": 1, "change_message": "[{\"added\": {}}]"}}, {"model": "admin.logentry", "pk": 16, "fields": {"action_time": "2018-03-28T04:43:23.824Z", "user": 1, "content_type": 7, "object_id": "2", "object_repr": "Shimla", "action_flag": 1, "change_message": "[{\"added\": {}}]"}}, {"model": "admin.logentry", "pk": 17, "fields": {"action_time": "2018-03-28T04:43:41.004Z", "user": 1, "content_type": 7, "object_id": "3", "object_repr": "Manali", "action_flag": 1, "change_message": "[{\"added\": {}}]"}}, {"model": "admin.logentry", "pk": 18, "fields": {"action_time": "2018-03-28T04:44:07.419Z", "user": 1, "content_type": 7, "object_id": "4", "object_repr": "Leh", "action_flag": 1, "change_message": "[{\"added\": {}}]"}}, {"model": "admin.logentry", "pk": 19, "fields": {"action_time": "2018-03-28T04:44:32.001Z", "user": 1, "content_type": 7, "object_id": "5", "object_repr": "Kheerganga", "action_flag": 1, "change_message": "[{\"added\": {}}]"}}, {"model": "admin.logentry", "pk": 20, "fields": {"action_time": "2018-03-28T04:44:50.825Z", "user": 1, "content_type": 7, "object_id": "6", "object_repr": "Kasol", "action_flag": 1, "change_message": "[{\"added\": {}}]"}}, {"model": "admin.logentry", "pk": 21, "fields": {"action_time": "2018-03-28T04:45:01.116Z", "user": 1, "content_type": 7, "object_id": "7", "object_repr": "Jaipur", "action_flag": 1, "change_message": "[{\"added\": {}}]"}}, {"model": "admin.logentry", "pk": 22, "fields": {"action_time": "2018-03-28T04:45:30.868Z", "user": 1, "content_type": 7, "object_id": "8", "object_repr": "Jodhpur", "action_flag": 1, "change_message": "[{\"added\": {}}]"}}, {"model": "admin.logentry", "pk": 23, "fields": {"action_time": "2018-03-28T04:45:43.417Z", "user": 1, "content_type": 7, "object_id": "8", "object_repr": "Jodhpur", "action_flag": 2, "change_message": "[{\"changed\": {\"fields\": [\"num_of_min_days\", \"num_of_max_days\"]}}]"}}, {"model": "admin.logentry", "pk": 24, "fields": {"action_time": "2018-03-28T04:46:19.751Z", "user": 1, "content_type": 7, "object_id": "9", "object_repr": "Mcleodganj", "action_flag": 1, "change_message": "[{\"added\": {}}]"}}, {"model": "admin.logentry", "pk": 25, "fields": {"action_time": "2018-03-28T04:52:55.889Z", "user": 1, "content_type": 11, "object_id": "1", "object_repr": "Goa", "action_flag": 1, "change_message": "[{\"added\": {}}]"}}, {"model": "admin.logentry", "pk": 26, "fields": {"action_time": "2018-03-28T05:04:30.018Z", "user": 1, "content_type": 11, "object_id": "2", "object_repr": "Leh", "action_flag": 1, "change_message": "[{\"added\": {}}]"}}, {"model": "admin.logentry", "pk": 27, "fields": {"action_time": "2018-03-28T05:08:53.978Z", "user": 1, "content_type": 11, "object_id": "3", "object_repr": "Kheerganga", "action_flag": 1, "change_message": "[{\"added\": {}}]"}}, {"model": "admin.logentry", "pk": 28, "fields": {"action_time": "2018-03-28T08:37:06.241Z", "user": 1, "content_type": 11, "object_id": "4", "object_repr": "Shimla", "action_flag": 1, "change_message": "[{\"added\": {}}]"}}, {"model": "admin.logentry", "pk": 29, "fields": {"action_time": "2018-03-28T08:37:49.674Z", "user": 1, "content_type": 11, "object_id": "3", "object_repr": "Kheerganga", "action_flag": 2, "change_message": "[]"}}, {"model": "admin.logentry", "pk": 30, "fields": {"action_time": "2018-03-28T08:43:14.182Z", "user": 1, "content_type": 8, "object_id": "1", "object_repr": "Goa Semester Party Break", "action_flag": 1, "change_message": "[{\"added\": {}}]"}}, {"model": "admin.logentry", "pk": 31, "fields": {"action_time": "2018-03-28T08:44:57.984Z", "user": 1, "content_type": 8, "object_id": "2", "object_repr": "Leh Ladakh SightSeeing", "action_flag": 1, "change_message": "[{\"added\": {}}]"}}, {"model": "admin.logentry", "pk": 32, "fields": {"action_time": "2018-04-04T08:52:57.182Z", "user": 1, "content_type": 7, "object_id": "10", "object_repr": "Ladakh", "action_flag": 1, "change_message": "[{\"added\": {}}]"}}, {"model": "admin.logentry", "pk": 33, "fields": {"action_time": "2018-04-04T09:25:48.802Z", "user": 1, "content_type": 9, "object_id": "1", "object_repr": "Kasol and Kheerganga- The ultimate chill destination for youth", "action_flag": 1, "change_message": "[{\"added\": {}}]"}}, {"model": "admin.logentry", "pk": 34, "fields": {"action_time": "2018-04-04T09:30:44.173Z", "user": 1, "content_type": 9, "object_id": "2", "object_repr": "Goa", "action_flag": 1, "change_message": "[{\"added\": {}}]"}}, {"model": "admin.logentry", "pk": 35, "fields": {"action_time": "2018-04-04T09:31:27.779Z", "user": 1, "content_type": 11, "object_id": "5", "object_repr": "Mcleodganj", "action_flag": 1, "change_message": "[{\"added\": {}}]"}}, {"model": "admin.logentry", "pk": 36, "fields": {"action_time": "2018-04-04T09:31:53.179Z", "user": 1, "content_type": 9, "object_id": "2", "object_repr": "Howdy Party at Goa", "action_flag": 2, "change_message": "[{\"changed\": {\"fields\": [\"title\"]}}]"}}, {"model": "admin.logentry", "pk": 37, "fields": {"action_time": "2018-04-04T09:34:02.064Z", "user": 1, "content_type": 9, "object_id": "3", "object_repr": "Trekking in Mcleodganj Triund", "action_flag": 1, "change_message": "[{\"added\": {}}]"}}, {"model": "admin.logentry", "pk": 38, "fields": {"action_time": "2018-04-04T11:04:24.523Z", "user": 1, "content_type": 9, "object_id": "1", "object_repr": "Kasol and Kheerganga- The ultimate chill destination for youth", "action_flag": 2, "change_message": "[{\"changed\": {\"fields\": [\"logo\"]}}]"}}, {"model": "admin.logentry", "pk": 39, "fields": {"action_time": "2018-04-04T11:04:45.084Z", "user": 1, "content_type": 9, "object_id": "2", "object_repr": "Howdy Party at Goa", "action_flag": 2, "change_message": "[{\"changed\": {\"fields\": [\"logo\"]}}]"}}, {"model": "admin.logentry", "pk": 40, "fields": {"action_time": "2018-04-04T11:05:34.062Z", "user": 1, "content_type": 9, "object_id": "3", "object_repr": "Trekking in Mcleodganj Triund", "action_flag": 2, "change_message": "[{\"changed\": {\"fields\": [\"logo\"]}}]"}}, {"model": "admin.logentry", "pk": 41, "fields": {"action_time": "2018-04-05T11:56:27.738Z", "user": 1, "content_type": 8, "object_id": "3", "object_repr": "Trekking in Mcleodganj Triund", "action_flag": 1, "change_message": "[{\"added\": {}}]"}}, {"model": "admin.logentry", "pk": 42, "fields": {"action_time": "2018-04-05T11:56:45.610Z", "user": 1, "content_type": 8, "object_id": "1", "object_repr": "Goa Semester Party Break", "action_flag": 2, "change_message": "[{\"changed\": {\"fields\": [\"logo\"]}}]"}}, {"model": "admin.logentry", "pk": 43, "fields": {"action_time": "2018-04-05T11:56:55.022Z", "user": 1, "content_type": 8, "object_id": "1", "object_repr": "Goa Semester Party Break", "action_flag": 2, "change_message": "[]"}}, {"model": "admin.logentry", "pk": 44, "fields": {"action_time": "2018-04-05T11:57:06.050Z", "user": 1, "content_type": 8, "object_id": "2", "object_repr": "Leh Ladakh SightSeeing", "action_flag": 2, "change_message": "[]"}}, {"model": "admin.logentry", "pk": 45, "fields": {"action_time": "2018-04-05T11:59:00.808Z", "user": 1, "content_type": 8, "object_id": "2", "object_repr": "Leh Ladakh SightSeeing", "action_flag": 2, "change_message": "[{\"changed\": {\"fields\": [\"logo\"]}}]"}}, {"model": "admin.logentry", "pk": 46, "fields": {"action_time": "2018-04-06T11:13:21.171Z", "user": 1, "content_type": 12, "object_id": "1", "object_repr": "Destinationimage object", "action_flag": 1, "change_message": "[{\"added\": {}}]"}}, {"model": "admin.logentry", "pk": 47, "fields": {"action_time": "2018-04-06T11:13:39.029Z", "user": 1, "content_type": 12, "object_id": "2", "object_repr": "Destinationimage object", "action_flag": 1, "change_message": "[{\"added\": {}}]"}}, {"model": "admin.logentry", "pk": 48, "fields": {"action_time": "2018-04-06T11:17:32.210Z", "user": 1, "content_type": 12, "object_id": "3", "object_repr": "Destinationimage object", "action_flag": 1, "change_message": "[{\"added\": {}}]"}}, {"model": "admin.logentry", "pk": 49, "fields": {"action_time": "2018-04-06T11:18:05.748Z", "user": 1, "content_type": 12, "object_id": "4", "object_repr": "Destinationimage object", "action_flag": 1, "change_message": "[{\"added\": {}}]"}}, {"model": "admin.logentry", "pk": 50, "fields": {"action_time": "2018-04-06T11:18:33.731Z", "user": 1, "content_type": 12, "object_id": "5", "object_repr": "Destinationimage object", "action_flag": 1, "change_message": "[{\"added\": {}}]"}}, {"model": "admin.logentry", "pk": 51, "fields": {"action_time": "2018-04-06T11:18:51.059Z", "user": 1, "content_type": 12, "object_id": "6", "object_repr": "Destinationimage object", "action_flag": 1, "change_message": "[{\"added\": {}}]"}}, {"model": "admin.logentry", "pk": 52, "fields": {"action_time": "2018-04-06T11:35:23.061Z", "user": 1, "content_type": 8, "object_id": "3", "object_repr": "Trekking in Mcleodganj Triund", "action_flag": 2, "change_message": "[{\"changed\": {\"fields\": [\"destination\"]}}]"}}, {"model": "admin.logentry", "pk": 53, "fields": {"action_time": "2018-04-06T11:35:31.346Z", "user": 1, "content_type": 8, "object_id": "2", "object_repr": "Leh Ladakh SightSeeing", "action_flag": 2, "change_message": "[{\"changed\": {\"fields\": [\"destination\"]}}]"}}, {"model": "admin.logentry", "pk": 54, "fields": {"action_time": "2018-04-06T11:35:37.985Z", "user": 1, "content_type": 8, "object_id": "1", "object_repr": "Goa Semester Party Break", "action_flag": 2, "change_message": "[{\"changed\": {\"fields\": [\"destination\"]}}]"}}, {"model": "admin.logentry", "pk": 55, "fields": {"action_time": "2018-04-06T12:36:02.794Z", "user": 1, "content_type": 8, "object_id": "1", "object_repr": "Goa Semester Party Break", "action_flag": 2, "change_message": "[{\"changed\": {\"fields\": [\"destination_description\", \"price_for_one\", \"price_for_four\", \"price_for_seven\"]}}]"}}, {"model": "admin.logentry", "pk": 56, "fields": {"action_time": "2018-04-09T05:53:24.620Z", "user": 1, "content_type": 8, "object_id": "1", "object_repr": "Goa Semester Party Break", "action_flag": 2, "change_message": "[{\"changed\": {\"fields\": [\"price_for_twelve\", \"price_for_eighteen\"]}}]"}}, {"model": "admin.logentry", "pk": 57, "fields": {"action_time": "2018-04-09T09:55:13.859Z", "user": 1, "content_type": 8, "object_id": "1", "object_repr": "Goa Semester Party Break", "action_flag": 2, "change_message": "[{\"changed\": {\"fields\": [\"destination_description\"]}}]"}}, {"model": "admin.logentry", "pk": 58, "fields": {"action_time": "2018-04-09T10:07:37.466Z", "user": 1, "content_type": 7, "object_id": "9", "object_repr": "Mcleodganj", "action_flag": 2, "change_message": "[]"}}, {"model": "admin.logentry", "pk": 59, "fields": {"action_time": "2018-04-09T11:48:38.805Z", "user": 1, "content_type": 13, "object_id": "1", "object_repr": "Bike Trip from Manali To Leh", "action_flag": 1, "change_message": "[{\"added\": {}}]"}}, {"model": "admin.logentry", "pk": 60, "fields": {"action_time": "2018-04-09T11:51:15.331Z", "user": 1, "content_type": 13, "object_id": "2", "object_repr": "Trek and Camping at Kasol To Kheerganga", "action_flag": 1, "change_message": "[{\"added\": {}}]"}}, {"model": "admin.logentry", "pk": 61, "fields": {"action_time": "2018-04-09T11:57:43.480Z", "user": 1, "content_type": 13, "object_id": "3", "object_repr": "Paragliding at Solang, Manali", "action_flag": 1, "change_message": "[{\"added\": {}}]"}}, {"model": "admin.logentry", "pk": 62, "fields": {"action_time": "2018-04-09T11:58:02.615Z", "user": 1, "content_type": 13, "object_id": "2", "object_repr": "Trekking and Camping at Kasol To Kheerganga", "action_flag": 2, "change_message": "[{\"changed\": {\"fields\": [\"title\"]}}]"}}, {"model": "admin.logentry", "pk": 63, "fields": {"action_time": "2018-04-09T11:59:52.467Z", "user": 1, "content_type": 13, "object_id": "4", "object_repr": "Trekking and Camping at Mcleodganj, Triund", "action_flag": 1, "change_message": "[{\"added\": {}}]"}}, {"model": "admin.logentry", "pk": 64, "fields": {"action_time": "2018-04-09T12:17:56.338Z", "user": 1, "content_type": 13, "object_id": "4", "object_repr": "Trekking and Camping at Mcleodganj, Triund", "action_flag": 2, "change_message": "[{\"changed\": {\"fields\": [\"duration\"]}}]"}}, {"model": "admin.logentry", "pk": 65, "fields": {"action_time": "2018-04-09T12:18:20.397Z", "user": 1, "content_type": 13, "object_id": "2", "object_repr": "Trekking and Camping at Kasol To Kheerganga", "action_flag": 2, "change_message": "[{\"changed\": {\"fields\": [\"duration\"]}}]"}}, {"model": "admin.logentry", "pk": 66, "fields": {"action_time": "2018-04-09T12:18:34.668Z", "user": 1, "content_type": 13, "object_id": "1", "object_repr": "Bike Trip from Manali To Leh", "action_flag": 2, "change_message": "[{\"changed\": {\"fields\": [\"duration\"]}}]"}}, {"model": "admin.logentry", "pk": 67, "fields": {"action_time": "2018-04-09T12:33:25.370Z", "user": 1, "content_type": 14, "object_id": "1", "object_repr": "Tents", "action_flag": 1, "change_message": "[{\"added\": {}}]"}}, {"model": "admin.logentry", "pk": 68, "fields": {"action_time": "2018-04-09T12:34:44.116Z", "user": 1, "content_type": 14, "object_id": "2", "object_repr": "Sleeping Bags", "action_flag": 1, "change_message": "[{\"added\": {}}]"}}, {"model": "admin.logentry", "pk": 69, "fields": {"action_time": "2018-04-09T12:35:42.048Z", "user": 1, "content_type": 14, "object_id": "3", "object_repr": "Rucksack", "action_flag": 1, "change_message": "[{\"added\": {}}]"}}, {"model": "admin.logentry", "pk": 70, "fields": {"action_time": "2018-04-09T12:36:39.360Z", "user": 1, "content_type": 14, "object_id": "4", "object_repr": "Go Pro Camera", "action_flag": 1, "change_message": "[{\"added\": {}}]"}}, {"model": "admin.logentry", "pk": 71, "fields": {"action_time": "2018-04-09T12:40:02.395Z", "user": 1, "content_type": 14, "object_id": "1", "object_repr": "Tents", "action_flag": 2, "change_message": "[]"}}, {"model": "admin.logentry", "pk": 72, "fields": {"action_time": "2018-04-09T12:40:50.281Z", "user": 1, "content_type": 14, "object_id": "2", "object_repr": "Sleeping Bags", "action_flag": 2, "change_message": "[]"}}, {"model": "admin.logentry", "pk": 73, "fields": {"action_time": "2018-04-09T12:58:22.701Z", "user": 1, "content_type": 14, "object_id": "4", "object_repr": "Go Pro Camera", "action_flag": 2, "change_message": "[{\"changed\": {\"fields\": [\"logo\"]}}]"}}, {"model": "admin.logentry", "pk": 74, "fields": {"action_time": "2018-04-09T12:59:18.088Z", "user": 1, "content_type": 14, "object_id": "1", "object_repr": "Tents", "action_flag": 2, "change_message": "[{\"changed\": {\"fields\": [\"logo\"]}}]"}}, {"model": "admin.logentry", "pk": 75, "fields": {"action_time": "2018-04-09T13:18:27.261Z", "user": 1, "content_type": 14, "object_id": "2", "object_repr": "Sleeping Bags", "action_flag": 2, "change_message": "[{\"changed\": {\"fields\": [\"logo\"]}}]"}}, {"model": "admin.logentry", "pk": 76, "fields": {"action_time": "2018-04-10T11:23:56.441Z", "user": 1, "content_type": 11, "object_id": "1", "object_repr": "Goa", "action_flag": 2, "change_message": "[{\"changed\": {\"fields\": [\"details\"]}}]"}}, {"model": "admin.logentry", "pk": 77, "fields": {"action_time": "2018-04-10T17:23:38.450Z", "user": 1, "content_type": 9, "object_id": "3", "object_repr": "Trekking in Mcleodganj Triund", "action_flag": 2, "change_message": "[{\"changed\": {\"fields\": [\"departure\"]}}]"}}, {"model": "admin.logentry", "pk": 78, "fields": {"action_time": "2018-04-11T06:47:22.133Z", "user": 1, "content_type": 15, "object_id": "1", "object_repr": "Howdy Trip To Rajasthan", "action_flag": 1, "change_message": "[{\"added\": {}}]"}}, {"model": "admin.logentry", "pk": 79, "fields": {"action_time": "2018-04-11T06:48:09.597Z", "user": 1, "content_type": 15, "object_id": "2", "object_repr": "Fun at Triund", "action_flag": 1, "change_message": "[{\"added\": {}}]"}}, {"model": "admin.logentry", "pk": 80, "fields": {"action_time": "2018-04-11T06:48:59.125Z", "user": 1, "content_type": 15, "object_id": "3", "object_repr": "Manali Group Trip", "action_flag": 1, "change_message": "[{\"added\": {}}]"}}, {"model": "admin.logentry", "pk": 81, "fields": {"action_time": "2018-04-12T11:05:35.621Z", "user": 1, "content_type": 8, "object_id": "2", "object_repr": "Leh Ladakh SightSeeing", "action_flag": 2, "change_message": "[{\"changed\": {\"fields\": [\"logo\"]}}]"}}, {"model": "admin.logentry", "pk": 82, "fields": {"action_time": "2018-04-12T11:06:58.477Z", "user": 1, "content_type": 8, "object_id": "2", "object_repr": "Leh Ladakh SightSeeing", "action_flag": 2, "change_message": "[{\"changed\": {\"fields\": [\"logo\"]}}]"}}, {"model": "admin.logentry", "pk": 83, "fields": {"action_time": "2018-04-12T11:07:53.822Z", "user": 1, "content_type": 8, "object_id": "2", "object_repr": "Leh Ladakh SightSeeing", "action_flag": 2, "change_message": "[{\"changed\": {\"fields\": [\"logo\"]}}]"}}, {"model": "admin.logentry", "pk": 84, "fields": {"action_time": "2018-04-12T11:17:09.883Z", "user": 1, "content_type": 15, "object_id": "2", "object_repr": "Fun at Triund", "action_flag": 2, "change_message": "[{\"changed\": {\"fields\": [\"image\"]}}]"}}, {"model": "admin.logentry", "pk": 85, "fields": {"action_time": "2018-04-12T13:49:39.893Z", "user": 1, "content_type": 8, "object_id": "2", "object_repr": "Leh Ladakh SightSeeing", "action_flag": 2, "change_message": "[{\"changed\": {\"fields\": [\"head_description\"]}}]"}}, {"model": "admin.logentry", "pk": 86, "fields": {"action_time": "2018-04-13T10:33:15.697Z", "user": 1, "content_type": 17, "object_id": "1", "object_repr": "5 Unknown Treks in Himachal", "action_flag": 1, "change_message": "[{\"added\": {}}, {\"added\": {\"object\": \"1. Charang Ghati Pass\", \"name\": \"post\"}}, {\"added\": {\"object\": \"2. Darati Pass Trek\", \"name\": \"post\"}}, {\"added\": {\"object\": \"3. Pin Parvati Trek\", \"name\": \"post\"}}, {\"added\": {\"object\": \"4. Trek through Pabbar Valley\", \"name\": \"post\"}}, {\"added\": {\"object\": \"5. Thachi Valley trek\", \"name\": \"post\"}}]"}}, {"model": "admin.logentry", "pk": 87, "fields": {"action_time": "2018-04-14T09:44:12.879Z", "user": 1, "content_type": 17, "object_id": "1", "object_repr": "5 Unknown Treks in Himachal", "action_flag": 2, "change_message": "[{\"changed\": {\"fields\": [\"logo\"]}}, {\"changed\": {\"fields\": [\"description\"], \"object\": \"4. Trek through Pabbar Valley\", \"name\": \"post\"}}, {\"changed\": {\"fields\": [\"description\"], \"object\": \"5. Thachi Valley trek\", \"name\": \"post\"}}]"}}, {"model": "admin.logentry", "pk": 88, "fields": {"action_time": "2018-04-16T07:10:32.198Z", "user": 1, "content_type": 18, "object_id": "1", "object_repr": "Parasailing", "action_flag": 1, "change_message": "[{\"added\": {}}]"}}, {"model": "admin.logentry", "pk": 89, "fields": {"action_time": "2018-04-16T07:10:57.321Z", "user": 1, "content_type": 18, "object_id": "2", "object_repr": "Surfing", "action_flag": 1, "change_message": "[{\"added\": {}}]"}}, {"model": "admin.logentry", "pk": 90, "fields": {"action_time": "2018-04-16T07:11:12.292Z", "user": 1, "content_type": 18, "object_id": "3", "object_repr": "Trekking", "action_flag": 1, "change_message": "[{\"added\": {}}]"}}, {"model": "admin.logentry", "pk": 91, "fields": {"action_time": "2018-04-16T07:13:13.729Z", "user": 1, "content_type": 8, "object_id": "1", "object_repr": "Goa Semester Party Break", "action_flag": 2, "change_message": "[]"}}, {"model": "admin.logentry", "pk": 92, "fields": {"action_time": "2018-04-16T08:23:49.952Z", "user": 1, "content_type": 19, "object_id": "1", "object_repr": "Travel", "action_flag": 1, "change_message": "[{\"added\": {}}]"}}, {"model": "admin.logentry", "pk": 93, "fields": {"action_time": "2018-04-16T08:25:49.511Z", "user": 1, "content_type": 19, "object_id": "2", "object_repr": "All Breakfast And Dinner", "action_flag": 1, "change_message": "[{\"added\": {}}]"}}, {"model": "admin.logentry", "pk": 94, "fields": {"action_time": "2018-04-16T08:26:46.139Z", "user": 1, "content_type": 19, "object_id": "3", "object_repr": "Stay", "action_flag": 1, "change_message": "[{\"added\": {}}]"}}, {"model": "admin.logentry", "pk": 95, "fields": {"action_time": "2018-04-16T08:27:34.560Z", "user": 1, "content_type": 19, "object_id": "4", "object_repr": "River Rafting", "action_flag": 1, "change_message": "[{\"added\": {}}]"}}, {"model": "admin.logentry", "pk": 96, "fields": {"action_time": "2018-04-16T08:27:43.390Z", "user": 1, "content_type": 19, "object_id": "4", "object_repr": "River Rafting", "action_flag": 2, "change_message": "[{\"changed\": {\"fields\": [\"icon\"]}}]"}}, {"model": "admin.logentry", "pk": 97, "fields": {"action_time": "2018-04-16T08:29:40.879Z", "user": 1, "content_type": 8, "object_id": "1", "object_repr": "Goa Semester Party Break", "action_flag": 2, "change_message": "[]"}}, {"model": "admin.logentry", "pk": 98, "fields": {"action_time": "2018-04-16T09:16:55.203Z", "user": 1, "content_type": 8, "object_id": "2", "object_repr": "Leh Ladakh SightSeeing", "action_flag": 2, "change_message": "[]"}}, {"model": "admin.logentry", "pk": 99, "fields": {"action_time": "2018-04-16T10:37:53.561Z", "user": 1, "content_type": 17, "object_id": "1", "object_repr": "5 Unknown Treks in Himachal", "action_flag": 2, "change_message": "[{\"changed\": {\"fields\": [\"description\"], \"object\": \"3. Pin Parvati Trek\", \"name\": \"post\"}}]"}}, {"model": "admin.logentry", "pk": 100, "fields": {"action_time": "2018-04-16T10:39:50.429Z", "user": 1, "content_type": 17, "object_id": "1", "object_repr": "5 Unknown Treks in Himachal", "action_flag": 2, "change_message": "[{\"changed\": {\"fields\": [\"description\"], \"object\": \"4. Trek through Pabbar Valley\", \"name\": \"post\"}}, {\"changed\": {\"fields\": [\"description\"], \"object\": \"5. Thachi Valley trek\", \"name\": \"post\"}}]"}}, {"model": "admin.logentry", "pk": 101, "fields": {"action_time": "2018-04-16T11:26:39.968Z", "user": 1, "content_type": 17, "object_id": "2", "object_repr": "Adventure Tours In Himachal Pradesh", "action_flag": 1, "change_message": "[{\"added\": {}}, {\"added\": {\"object\": \"1. Trekking in Himachal Pradesh\", \"name\": \"post\"}}, {\"added\": {\"object\": \"2. Skiing in Himachal Pradesh\", \"name\": \"post\"}}, {\"added\": {\"object\": \"3. Camping in Himachal Pradesh\", \"name\": \"post\"}}, {\"added\": {\"object\": \"4. Paragliding in Himachal Pradesh\", \"name\": \"post\"}}]"}}, {"model": "admin.logentry", "pk": 102, "fields": {"action_time": "2018-04-16T11:27:59.291Z", "user": 1, "content_type": 17, "object_id": "2", "object_repr": "Adventure Tours In Himachal Pradesh", "action_flag": 2, "change_message": "[{\"added\": {\"object\": \"5. Motorbiking and Road Trips in Himachal Pradesh\", \"name\": \"post\"}}]"}}, {"model": "admin.logentry", "pk": 103, "fields": {"action_time": "2018-04-23T03:24:02.305Z", "user": 1, "content_type": 9, "object_id": "1", "object_repr": "Kasol and Kheerganga Trek n Chill", "action_flag": 2, "change_message": "[{\"changed\": {\"fields\": [\"title\"]}}]"}}, {"model": "admin.logentry", "pk": 104, "fields": {"action_time": "2018-04-23T08:18:35.291Z", "user": 1, "content_type": 9, "object_id": "1", "object_repr": "Kasol and Kheerganga Trek", "action_flag": 2, "change_message": "[{\"changed\": {\"fields\": [\"title\"]}}]"}}, {"model": "admin.logentry", "pk": 105, "fields": {"action_time": "2018-04-23T08:19:24.205Z", "user": 1, "content_type": 9, "object_id": "1", "object_repr": "Kasol and Kheerganga Trek", "action_flag": 2, "change_message": "[{\"changed\": {\"fields\": [\"head_description\"]}}]"}}, {"model": "admin.logentry", "pk": 106, "fields": {"action_time": "2018-04-23T08:57:10.339Z", "user": 1, "content_type": 8, "object_id": "1", "object_repr": "Goa Semester Party Break", "action_flag": 2, "change_message": "[{\"changed\": {\"fields\": [\"destination_description\"]}}]"}}, {"model": "admin.logentry", "pk": 107, "fields": {"action_time": "2018-04-25T14:00:28.173Z", "user": 1, "content_type": 13, "object_id": "2", "object_repr": "Trekking and Camping at Kasol To Kheerganga", "action_flag": 2, "change_message": "[{\"changed\": {\"fields\": [\"logo\"]}}]"}}, {"model": "admin.logentry", "pk": 108, "fields": {"action_time": "2018-04-25T14:28:52.309Z", "user": 1, "content_type": 8, "object_id": "1", "object_repr": "Goa Semester Party Break", "action_flag": 2, "change_message": "[{\"changed\": {\"fields\": [\"property_description\", \"property_rating\"]}}]"}}, {"model": "admin.logentry", "pk": 109, "fields": {"action_time": "2018-04-25T15:32:59.954Z", "user": 1, "content_type": 10, "object_id": "12", "object_repr": "parasailing", "action_flag": 1, "change_message": "[{\"added\": {}}]"}}, {"model": "admin.logentry", "pk": 110, "fields": {"action_time": "2018-04-25T15:33:45.188Z", "user": 1, "content_type": 13, "object_id": "5", "object_repr": "Parasailing in Goa", "action_flag": 1, "change_message": "[{\"added\": {}}]"}}, {"model": "admin.logentry", "pk": 111, "fields": {"action_time": "2018-04-25T15:34:33.500Z", "user": 1, "content_type": 13, "object_id": "6", "object_repr": "Scuba Diving in Goa", "action_flag": 1, "change_message": "[{\"added\": {}}]"}}, {"model": "admin.logentry", "pk": 112, "fields": {"action_time": "2018-04-27T06:11:58.756Z", "user": 1, "content_type": 8, "object_id": "1", "object_repr": "Goa Semester Party Break", "action_flag": 2, "change_message": "[]"}}, {"model": "admin.logentry", "pk": 113, "fields": {"action_time": "2018-05-09T14:14:03.794Z", "user": 1, "content_type": 9, "object_id": "3", "object_repr": "Trekking in Mcleodganj Triund", "action_flag": 2, "change_message": "[{\"changed\": {\"fields\": [\"logo\"]}}]"}}, {"model": "admin.logentry", "pk": 114, "fields": {"action_time": "2018-05-09T14:22:30.224Z", "user": 1, "content_type": 9, "object_id": "2", "object_repr": "Howdy Party at Goa", "action_flag": 2, "change_message": "[{\"changed\": {\"fields\": [\"logo\"]}}]"}}, {"model": "admin.logentry", "pk": 115, "fields": {"action_time": "2018-05-09T14:22:42.879Z", "user": 1, "content_type": 9, "object_id": "1", "object_repr": "Kasol and Kheerganga Trek", "action_flag": 2, "change_message": "[{\"changed\": {\"fields\": [\"logo\"]}}]"}}, {"model": "admin.logentry", "pk": 116, "fields": {"action_time": "2018-05-30T02:53:43.151Z", "user": 1, "content_type": 22, "object_id": "1", "object_repr": "Dudhsagar Falls", "action_flag": 1, "change_message": "[{\"added\": {}}]"}}, {"model": "admin.logentry", "pk": 117, "fields": {"action_time": "2018-05-30T02:55:59.395Z", "user": 1, "content_type": 22, "object_id": "2", "object_repr": "Church in Goa", "action_flag": 1, "change_message": "[{\"added\": {}}]"}}, {"model": "admin.logentry", "pk": 118, "fields": {"action_time": "2018-05-30T03:00:53.429Z", "user": 1, "content_type": 22, "object_id": "3", "object_repr": "Calangute Beach", "action_flag": 1, "change_message": "[{\"added\": {}}]"}}, {"model": "admin.logentry", "pk": 119, "fields": {"action_time": "2018-05-30T04:12:04.446Z", "user": 1, "content_type": 10, "object_id": "13", "object_repr": "Kayaking", "action_flag": 1, "change_message": "[{\"added\": {}}]"}}, {"model": "admin.logentry", "pk": 120, "fields": {"action_time": "2018-05-30T04:12:16.112Z", "user": 1, "content_type": 13, "object_id": "7", "object_repr": "Kayaking in Goa", "action_flag": 1, "change_message": "[{\"added\": {}}]"}}, {"model": "admin.logentry", "pk": 121, "fields": {"action_time": "2018-06-06T17:58:29.626Z", "user": 1, "content_type": 11, "object_id": "1", "object_repr": "Goa", "action_flag": 2, "change_message": "[{\"changed\": {\"fields\": [\"details\"]}}]"}}, {"model": "admin.logentry", "pk": 122, "fields": {"action_time": "2018-06-12T04:23:57.030Z", "user": 1, "content_type": 8, "object_id": "1", "object_repr": "Goa Semester Party Break", "action_flag": 2, "change_message": "[{\"changed\": {\"fields\": [\"logo\"]}}]"}}, {"model": "admin.logentry", "pk": 123, "fields": {"action_time": "2018-06-12T04:26:52.376Z", "user": 1, "content_type": 8, "object_id": "1", "object_repr": "Goa Semester Party Break", "action_flag": 2, "change_message": "[{\"changed\": {\"fields\": [\"logo\"]}}]"}}, {"model": "admin.logentry", "pk": 124, "fields": {"action_time": "2018-06-12T04:32:42.389Z", "user": 1, "content_type": 8, "object_id": "1", "object_repr": "Goa Semester Party Break", "action_flag": 2, "change_message": "[{\"changed\": {\"fields\": [\"logo\"]}}]"}}, {"model": "admin.logentry", "pk": 125, "fields": {"action_time": "2018-06-12T04:37:55.289Z", "user": 1, "content_type": 8, "object_id": "1", "object_repr": "Goa Semester Party Break", "action_flag": 2, "change_message": "[{\"changed\": {\"fields\": [\"logo\"]}}]"}}, {"model": "admin.logentry", "pk": 126, "fields": {"action_time": "2018-06-12T04:40:36.759Z", "user": 1, "content_type": 9, "object_id": "3", "object_repr": "Trekking in Mcleodganj Triund", "action_flag": 2, "change_message": "[{\"changed\": {\"fields\": [\"logo\"]}}]"}}, {"model": "admin.logentry", "pk": 127, "fields": {"action_time": "2018-06-12T04:42:37.248Z", "user": 1, "content_type": 8, "object_id": "1", "object_repr": "Goa Semester Party Break", "action_flag": 2, "change_message": "[{\"changed\": {\"fields\": [\"logo\"]}}]"}}, {"model": "admin.logentry", "pk": 128, "fields": {"action_time": "2018-08-14T17:46:55.062Z", "user": 1, "content_type": 8, "object_id": "4", "object_repr": "Manali Leh", "action_flag": 1, "change_message": "[{\"added\": {}}, {\"added\": {\"object\": \"Destinationimage object\", \"name\": \"destinationimage\"}}, {\"added\": {\"object\": \"Destinationimage object\", \"name\": \"destinationimage\"}}, {\"added\": {\"object\": \"Destinationimage object\", \"name\": \"destinationimage\"}}]"}}, {"model": "admin.logentry", "pk": 129, "fields": {"action_time": "2018-08-14T17:47:36.768Z", "user": 1, "content_type": 8, "object_id": "4", "object_repr": "Manali Leh", "action_flag": 3, "change_message": ""}}, {"model": "admin.logentry", "pk": 130, "fields": {"action_time": "2018-08-18T12:46:51.780Z", "user": 1, "content_type": 8, "object_id": "1", "object_repr": "Goa Semester Party Break", "action_flag": 2, "change_message": "[{\"changed\": {\"fields\": [\"snoi\"]}}]"}}, {"model": "admin.logentry", "pk": 131, "fields": {"action_time": "2018-08-18T12:47:12.961Z", "user": 1, "content_type": 8, "object_id": "3", "object_repr": "Trekking in Mcleodganj Triund", "action_flag": 2, "change_message": "[{\"changed\": {\"fields\": [\"snoi\", \"property_rating\"]}}]"}}, {"model": "admin.logentry", "pk": 132, "fields": {"action_time": "2018-08-18T12:47:25.419Z", "user": 1, "content_type": 8, "object_id": "2", "object_repr": "Leh Ladakh SightSeeing", "action_flag": 2, "change_message": "[{\"changed\": {\"fields\": [\"snoi\", \"property_rating\"]}}]"}}, {"model": "admin.logentry", "pk": 133, "fields": {"action_time": "2018-08-23T13:31:18.771Z", "user": 1, "content_type": 13, "object_id": "7", "object_repr": "Kayaking in Goa", "action_flag": 2, "change_message": "[{\"changed\": {\"fields\": [\"sno\"]}}]"}}, {"model": "admin.logentry", "pk": 134, "fields": {"action_time": "2018-08-23T13:31:23.222Z", "user": 1, "content_type": 13, "object_id": "6", "object_repr": "Scuba Diving in Goa", "action_flag": 2, "change_message": "[{\"changed\": {\"fields\": [\"sno\"]}}]"}}, {"model": "admin.logentry", "pk": 135, "fields": {"action_time": "2018-08-23T13:31:27.205Z", "user": 1, "content_type": 13, "object_id": "5", "object_repr": "Parasailing in Goa", "action_flag": 2, "change_message": "[{\"changed\": {\"fields\": [\"sno\"]}}]"}}, {"model": "admin.logentry", "pk": 136, "fields": {"action_time": "2018-08-23T13:31:31.307Z", "user": 1, "content_type": 13, "object_id": "4", "object_repr": "Trekking and Camping at Mcleodganj, Triund", "action_flag": 2, "change_message": "[{\"changed\": {\"fields\": [\"sno\"]}}]"}}, {"model": "admin.logentry", "pk": 137, "fields": {"action_time": "2018-08-23T13:31:45.727Z", "user": 1, "content_type": 13, "object_id": "3", "object_repr": "Paragliding at Solang, Manali", "action_flag": 2, "change_message": "[{\"changed\": {\"fields\": [\"sno\", \"duration\"]}}]"}}, {"model": "admin.logentry", "pk": 138, "fields": {"action_time": "2018-08-23T13:31:54.964Z", "user": 1, "content_type": 13, "object_id": "2", "object_repr": "Trekking and Camping at Kasol To Kheerganga", "action_flag": 2, "change_message": "[{\"changed\": {\"fields\": [\"sno\"]}}]"}}, {"model": "admin.logentry", "pk": 139, "fields": {"action_time": "2018-08-23T13:31:59.460Z", "user": 1, "content_type": 13, "object_id": "1", "object_repr": "Bike Trip from Manali To Leh", "action_flag": 2, "change_message": "[{\"changed\": {\"fields\": [\"sno\"]}}]"}}, {"model": "admin.logentry", "pk": 140, "fields": {"action_time": "2018-08-25T10:09:43.520Z", "user": 1, "content_type": 13, "object_id": "7", "object_repr": "Kayaking in Goa", "action_flag": 3, "change_message": ""}}, {"model": "admin.logentry", "pk": 141, "fields": {"action_time": "2018-08-25T10:09:44.116Z", "user": 1, "content_type": 13, "object_id": "6", "object_repr": "Scuba Diving in Goa", "action_flag": 3, "change_message": ""}}, {"model": "admin.logentry", "pk": 142, "fields": {"action_time": "2018-08-25T10:09:44.200Z", "user": 1, "content_type": 13, "object_id": "5", "object_repr": "Parasailing in Goa", "action_flag": 3, "change_message": ""}}, {"model": "admin.logentry", "pk": 143, "fields": {"action_time": "2018-08-25T10:09:44.283Z", "user": 1, "content_type": 13, "object_id": "4", "object_repr": "Trekking and Camping at Mcleodganj, Triund", "action_flag": 3, "change_message": ""}}, {"model": "admin.logentry", "pk": 144, "fields": {"action_time": "2018-08-25T10:09:44.366Z", "user": 1, "content_type": 13, "object_id": "3", "object_repr": "Paragliding at Solang, Manali", "action_flag": 3, "change_message": ""}}, {"model": "admin.logentry", "pk": 145, "fields": {"action_time": "2018-08-25T10:09:44.433Z", "user": 1, "content_type": 13, "object_id": "2", "object_repr": "Trekking and Camping at Kasol To Kheerganga", "action_flag": 3, "change_message": ""}}, {"model": "admin.logentry", "pk": 146, "fields": {"action_time": "2018-08-25T10:09:44.500Z", "user": 1, "content_type": 13, "object_id": "1", "object_repr": "Bike Trip from Manali To Leh", "action_flag": 3, "change_message": ""}}, {"model": "admin.logentry", "pk": 147, "fields": {"action_time": "2018-10-09T02:15:45.338Z", "user": 1, "content_type": 25, "object_id": "1", "object_repr": "january", "action_flag": 1, "change_message": "[{\"added\": {}}]"}}, {"model": "admin.logentry", "pk": 148, "fields": {"action_time": "2018-10-09T02:15:53.217Z", "user": 1, "content_type": 25, "object_id": "2", "object_repr": "february", "action_flag": 1, "change_message": "[{\"added\": {}}]"}}, {"model": "admin.logentry", "pk": 149, "fields": {"action_time": "2018-10-17T14:13:41.090Z", "user": 1, "content_type": 7, "object_id": "11", "object_repr": "Lonavala", "action_flag": 1, "change_message": "[{\"added\": {}}]"}}, {"model": "admin.logentry", "pk": 150, "fields": {"action_time": "2018-10-17T14:18:22.690Z", "user": 1, "content_type": 23, "object_id": "1", "object_repr": "Lonavala Bungee Jump", "action_flag": 1, "change_message": "[{\"added\": {}}]"}}, {"model": "admin.logentry", "pk": 151, "fields": {"action_time": "2018-10-17T14:31:30.757Z", "user": 1, "content_type": 25, "object_id": "3", "object_repr": "march", "action_flag": 1, "change_message": "[{\"added\": {}}]"}}, {"model": "admin.logentry", "pk": 152, "fields": {"action_time": "2018-10-17T14:31:37.011Z", "user": 1, "content_type": 25, "object_id": "4", "object_repr": "april", "action_flag": 1, "change_message": "[{\"added\": {}}]"}}, {"model": "admin.logentry", "pk": 153, "fields": {"action_time": "2018-10-17T14:33:03.624Z", "user": 1, "content_type": 25, "object_id": "5", "object_repr": "may", "action_flag": 1, "change_message": "[{\"added\": {}}]"}}, {"model": "admin.logentry", "pk": 154, "fields": {"action_time": "2018-10-17T14:33:08.859Z", "user": 1, "content_type": 25, "object_id": "6", "object_repr": "june", "action_flag": 1, "change_message": "[{\"added\": {}}]"}}, {"model": "admin.logentry", "pk": 155, "fields": {"action_time": "2018-10-17T14:33:13.672Z", "user": 1, "content_type": 25, "object_id": "7", "object_repr": "july", "action_flag": 1, "change_message": "[{\"added\": {}}]"}}, {"model": "admin.logentry", "pk": 156, "fields": {"action_time": "2018-10-17T14:33:18.452Z", "user": 1, "content_type": 25, "object_id": "8", "object_repr": "august", "action_flag": 1, "change_message": "[{\"added\": {}}]"}}, {"model": "admin.logentry", "pk": 157, "fields": {"action_time": "2018-10-17T14:33:22.321Z", "user": 1, "content_type": 25, "object_id": "9", "object_repr": "september", "action_flag": 1, "change_message": "[{\"added\": {}}]"}}, {"model": "admin.logentry", "pk": 158, "fields": {"action_time": "2018-10-17T14:33:26.236Z", "user": 1, "content_type": 25, "object_id": "10", "object_repr": "october", "action_flag": 1, "change_message": "[{\"added\": {}}]"}}, {"model": "admin.logentry", "pk": 159, "fields": {"action_time": "2018-10-17T14:33:32.404Z", "user": 1, "content_type": 25, "object_id": "11", "object_repr": "november", "action_flag": 1, "change_message": "[{\"added\": {}}]"}}, {"model": "admin.logentry", "pk": 160, "fields": {"action_time": "2018-10-17T14:33:36.320Z", "user": 1, "content_type": 25, "object_id": "12", "object_repr": "december", "action_flag": 1, "change_message": "[{\"added\": {}}]"}}, {"model": "admin.logentry", "pk": 161, "fields": {"action_time": "2018-10-17T14:34:58.520Z", "user": 1, "content_type": 13, "object_id": "1", "object_repr": "Bungee Jumping", "action_flag": 1, "change_message": "[{\"added\": {}}]"}}, {"model": "admin.logentry", "pk": 162, "fields": {"action_time": "2018-10-17T14:37:33.886Z", "user": 1, "content_type": 7, "object_id": "12", "object_repr": "Banglore", "action_flag": 1, "change_message": "[{\"added\": {}}]"}}, {"model": "admin.logentry", "pk": 163, "fields": {"action_time": "2018-10-17T14:39:12.494Z", "user": 1, "content_type": 7, "object_id": "12", "object_repr": "Bangalore", "action_flag": 2, "change_message": "[{\"changed\": {\"fields\": [\"title\"]}}]"}}, {"model": "admin.logentry", "pk": 164, "fields": {"action_time": "2018-10-17T14:40:09.173Z", "user": 1, "content_type": 23, "object_id": "2", "object_repr": "Bangalore Bungee Jum", "action_flag": 1, "change_message": "[{\"added\": {}}]"}}, {"model": "admin.logentry", "pk": 165, "fields": {"action_time": "2018-10-17T14:41:51.860Z", "user": 1, "content_type": 13, "object_id": "2", "object_repr": "Bungee Jumping", "action_flag": 1, "change_message": "[{\"added\": {}}]"}}, {"model": "admin.logentry", "pk": 166, "fields": {"action_time": "2018-10-17T14:42:04.431Z", "user": 1, "content_type": 13, "object_id": "1", "object_repr": "Bungee Jumping Bangalore", "action_flag": 2, "change_message": "[{\"changed\": {\"fields\": [\"title\"]}}]"}}, {"model": "admin.logentry", "pk": 167, "fields": {"action_time": "2018-10-17T14:42:27.598Z", "user": 1, "content_type": 13, "object_id": "2", "object_repr": "Bungee Jumping Bangalore", "action_flag": 2, "change_message": "[{\"changed\": {\"fields\": [\"title\"]}}]"}}, {"model": "admin.logentry", "pk": 168, "fields": {"action_time": "2018-10-17T14:42:40.467Z", "user": 1, "content_type": 13, "object_id": "1", "object_repr": "Bungee Jumping Lonavala", "action_flag": 2, "change_message": "[{\"changed\": {\"fields\": [\"title\"]}}]"}}, {"model": "admin.logentry", "pk": 169, "fields": {"action_time": "2018-10-17T14:44:59.374Z", "user": 1, "content_type": 7, "object_id": "13", "object_repr": "Andaman And Nicobar", "action_flag": 1, "change_message": "[{\"added\": {}}]"}}, {"model": "admin.logentry", "pk": 170, "fields": {"action_time": "2018-10-17T14:45:20.259Z", "user": 1, "content_type": 23, "object_id": "3", "object_repr": "Scuba Diving Andaman", "action_flag": 1, "change_message": "[{\"added\": {}}]"}}, {"model": "admin.logentry", "pk": 171, "fields": {"action_time": "2018-10-17T14:47:10.642Z", "user": 1, "content_type": 13, "object_id": "3", "object_repr": "Scuba diving", "action_flag": 1, "change_message": "[{\"added\": {}}]"}}, {"model": "admin.logentry", "pk": 172, "fields": {"action_time": "2018-10-19T05:13:08.376Z", "user": 1, "content_type": 13, "object_id": "1", "object_repr": "Bungee Jumping Lonavala", "action_flag": 2, "change_message": "[{\"changed\": {\"fields\": [\"level_of_difficulty_on_5\"]}}]"}}, {"model": "admin.logentry", "pk": 173, "fields": {"action_time": "2018-10-19T08:48:51.055Z", "user": 1, "content_type": 13, "object_id": "1", "object_repr": "Bungee Jumping Lonavala", "action_flag": 2, "change_message": "[{\"changed\": {\"fields\": [\"logo\"]}}]"}}, {"model": "admin.logentry", "pk": 174, "fields": {"action_time": "2018-10-19T08:49:34.182Z", "user": 1, "content_type": 13, "object_id": "2", "object_repr": "Bungee Jumping Bangalore", "action_flag": 2, "change_message": "[{\"changed\": {\"fields\": [\"logo\"]}}]"}}, {"model": "admin.logentry", "pk": 175, "fields": {"action_time": "2018-10-19T08:49:52.646Z", "user": 1, "content_type": 13, "object_id": "1", "object_repr": "Bungee Jumping Lonavala", "action_flag": 2, "change_message": "[{\"changed\": {\"fields\": [\"logo\"]}}]"}}, {"model": "admin.logentry", "pk": 176, "fields": {"action_time": "2018-10-19T08:55:57.618Z", "user": 1, "content_type": 13, "object_id": "3", "object_repr": "Scuba diving", "action_flag": 2, "change_message": "[{\"changed\": {\"fields\": [\"logo\"]}}]"}}, {"model": "admin.logentry", "pk": 177, "fields": {"action_time": "2018-10-19T10:32:35.279Z", "user": 1, "content_type": 13, "object_id": "1", "object_repr": "Bungee Jumping Lonavala", "action_flag": 2, "change_message": "[{\"changed\": {\"fields\": [\"logo\"]}}]"}}, {"model": "admin.logentry", "pk": 178, "fields": {"action_time": "2018-10-19T20:46:42.094Z", "user": 1, "content_type": 7, "object_id": "11", "object_repr": "Lonavala", "action_flag": 2, "change_message": "[{\"changed\": {\"fields\": [\"logo\"]}}]"}}, {"model": "admin.logentry", "pk": 179, "fields": {"action_time": "2018-10-19T20:47:51.815Z", "user": 1, "content_type": 7, "object_id": "12", "object_repr": "Bangalore", "action_flag": 2, "change_message": "[{\"changed\": {\"fields\": [\"logo\"]}}]"}}, {"model": "admin.logentry", "pk": 180, "fields": {"action_time": "2018-10-19T20:48:19.232Z", "user": 1, "content_type": 7, "object_id": "13", "object_repr": "Andaman And Nicobar", "action_flag": 2, "change_message": "[{\"changed\": {\"fields\": [\"logo\"]}}]"}}, {"model": "admin.logentry", "pk": 181, "fields": {"action_time": "2018-10-19T20:49:35.804Z", "user": 1, "content_type": 7, "object_id": "11", "object_repr": "Lonavala", "action_flag": 2, "change_message": "[{\"changed\": {\"fields\": [\"logo\"]}}]"}}, {"model": "admin.logentry", "pk": 182, "fields": {"action_time": "2018-10-22T14:21:24.918Z", "user": 1, "content_type": 4, "object_id": "1", "object_repr": "mr_robot", "action_flag": 2, "change_message": "[{\"changed\": {\"fields\": [\"password\"]}}]"}}, {"model": "admin.logentry", "pk": 183, "fields": {"action_time": "2018-10-23T15:24:22.116Z", "user": 1, "content_type": 17, "object_id": "2", "object_repr": "Adventure Tours In Himachal Pradesh", "action_flag": 2, "change_message": "[]"}}, {"model": "admin.logentry", "pk": 184, "fields": {"action_time": "2018-10-23T15:24:37.138Z", "user": 1, "content_type": 17, "object_id": "1", "object_repr": "5 Unknown Treks in Himachal", "action_flag": 2, "change_message": "[]"}}, {"model": "admin.logentry", "pk": 185, "fields": {"action_time": "2018-10-23T16:52:07.765Z", "user": 1, "content_type": 13, "object_id": "4", "object_repr": "Cycling lonavala", "action_flag": 1, "change_message": "[{\"added\": {}}]"}}, {"model": "admin.logentry", "pk": 186, "fields": {"action_time": "2018-10-28T02:43:56.841Z", "user": 1, "content_type": 10, "object_id": "13", "object_repr": "Kayaking", "action_flag": 2, "change_message": "[{\"changed\": {\"fields\": [\"logo\", \"adventureform_choice\"]}}]"}}, {"model": "admin.logentry", "pk": 187, "fields": {"action_time": "2018-10-28T02:44:26.405Z", "user": 1, "content_type": 10, "object_id": "12", "object_repr": "parasailing", "action_flag": 2, "change_message": "[{\"changed\": {\"fields\": [\"logo\", \"adventureform_choice\"]}}]"}}, {"model": "admin.logentry", "pk": 188, "fields": {"action_time": "2018-10-28T02:44:55.754Z", "user": 1, "content_type": 10, "object_id": "11", "object_repr": "Camping", "action_flag": 2, "change_message": "[{\"changed\": {\"fields\": [\"logo\", \"adventureform_choice\"]}}]"}}, {"model": "admin.logentry", "pk": 189, "fields": {"action_time": "2018-10-28T02:45:26.064Z", "user": 1, "content_type": 10, "object_id": "10", "object_repr": "Cycling", "action_flag": 2, "change_message": "[{\"changed\": {\"fields\": [\"logo\", \"adventureform_choice\"]}}]"}}, {"model": "admin.logentry", "pk": 190, "fields": {"action_time": "2018-10-28T02:46:06.036Z", "user": 1, "content_type": 10, "object_id": "9", "object_repr": "Trekking", "action_flag": 2, "change_message": "[{\"changed\": {\"fields\": [\"logo\", \"adventureform_choice\"]}}]"}}, {"model": "admin.logentry", "pk": 191, "fields": {"action_time": "2018-10-28T02:46:44.206Z", "user": 1, "content_type": 10, "object_id": "7", "object_repr": "Scuba Diving", "action_flag": 2, "change_message": "[{\"changed\": {\"fields\": [\"logo\", \"adventureform_choice\"]}}]"}}, {"model": "admin.logentry", "pk": 192, "fields": {"action_time": "2018-10-31T06:15:24.734Z", "user": 1, "content_type": 10, "object_id": "6", "object_repr": "Mountain Biking", "action_flag": 2, "change_message": "[{\"changed\": {\"fields\": [\"logo\", \"adventureform_choice\"]}}]"}}, {"model": "admin.logentry", "pk": 193, "fields": {"action_time": "2018-10-31T06:15:57.794Z", "user": 1, "content_type": 10, "object_id": "4", "object_repr": "River Rafting", "action_flag": 2, "change_message": "[{\"changed\": {\"fields\": [\"logo\", \"adventureform_choice\"]}}]"}}, {"model": "admin.logentry", "pk": 194, "fields": {"action_time": "2018-10-31T06:16:32.840Z", "user": 1, "content_type": 10, "object_id": "3", "object_repr": "Bungee Jumping", "action_flag": 2, "change_message": "[{\"changed\": {\"fields\": [\"logo\", \"adventureform_choice\"]}}]"}}, {"model": "admin.logentry", "pk": 195, "fields": {"action_time": "2018-10-31T06:17:14.375Z", "user": 1, "content_type": 10, "object_id": "2", "object_repr": "Paragliding", "action_flag": 2, "change_message": "[{\"changed\": {\"fields\": [\"logo\", \"adventureform_choice\"]}}]"}}, {"model": "admin.logentry", "pk": 196, "fields": {"action_time": "2018-10-31T14:20:27.094Z", "user": 1, "content_type": 8, "object_id": "1", "object_repr": "Goa Semester Party Break", "action_flag": 2, "change_message": "[{\"changed\": {\"fields\": [\"logo\"]}}]"}}, {"model": "admin.logentry", "pk": 197, "fields": {"action_time": "2018-10-31T14:30:32.743Z", "user": 1, "content_type": 23, "object_id": "4", "object_repr": "Parasailing Goa", "action_flag": 1, "change_message": "[{\"added\": {}}]"}}, {"model": "admin.logentry", "pk": 198, "fields": {"action_time": "2018-10-31T14:31:03.093Z", "user": 1, "content_type": 13, "object_id": "5", "object_repr": "Parasailing Goa", "action_flag": 1, "change_message": "[{\"added\": {}}]"}}, {"model": "admin.logentry", "pk": 199, "fields": {"action_time": "2018-10-31T14:32:04.847Z", "user": 1, "content_type": 13, "object_id": "5", "object_repr": "Parasailing Goa", "action_flag": 2, "change_message": "[{\"changed\": {\"fields\": [\"logo\"]}}]"}}, {"model": "admin.logentry", "pk": 200, "fields": {"action_time": "2018-11-01T10:19:58.508Z", "user": 1, "content_type": 9, "object_id": "3", "object_repr": "Trekking in Mcleodganj Triund", "action_flag": 2, "change_message": "[]"}}, {"model": "admin.logentry", "pk": 201, "fields": {"action_time": "2018-11-01T10:20:09.867Z", "user": 1, "content_type": 9, "object_id": "2", "object_repr": "Howdy Party at Goa", "action_flag": 2, "change_message": "[]"}}, {"model": "admin.logentry", "pk": 202, "fields": {"action_time": "2018-11-01T10:20:18.385Z", "user": 1, "content_type": 9, "object_id": "1", "object_repr": "Kasol and Kheerganga Trek", "action_flag": 2, "change_message": "[]"}}, {"model": "admin.logentry", "pk": 203, "fields": {"action_time": "2018-11-01T15:27:16.625Z", "user": 1, "content_type": 13, "object_id": "5", "object_repr": "Parasailing Goa", "action_flag": 2, "change_message": "[{\"changed\": {\"fields\": [\"associated_adventure\"]}}]"}}, {"model": "admin.logentry", "pk": 204, "fields": {"action_time": "2018-11-01T15:27:23.471Z", "user": 1, "content_type": 13, "object_id": "4", "object_repr": "Cycling lonavala", "action_flag": 2, "change_message": "[{\"changed\": {\"fields\": [\"associated_adventure\"]}}]"}}, {"model": "admin.logentry", "pk": 205, "fields": {"action_time": "2018-11-01T15:27:30.372Z", "user": 1, "content_type": 13, "object_id": "3", "object_repr": "Scuba diving", "action_flag": 2, "change_message": "[{\"changed\": {\"fields\": [\"associated_adventure\"]}}]"}}, {"model": "admin.logentry", "pk": 206, "fields": {"action_time": "2018-11-01T15:27:35.967Z", "user": 1, "content_type": 13, "object_id": "2", "object_repr": "Bungee Jumping Bangalore", "action_flag": 2, "change_message": "[{\"changed\": {\"fields\": [\"associated_adventure\"]}}]"}}, {"model": "admin.logentry", "pk": 207, "fields": {"action_time": "2018-11-01T15:27:42.353Z", "user": 1, "content_type": 13, "object_id": "1", "object_repr": "Bungee Jumping Lonavala", "action_flag": 2, "change_message": "[{\"changed\": {\"fields\": [\"associated_adventure\"]}}]"}}, {"model": "admin.logentry", "pk": 208, "fields": {"action_time": "2018-11-10T12:38:19.671Z", "user": 1, "content_type": 19, "object_id": "5", "object_repr": "Dj Night", "action_flag": 1, "change_message": "[{\"added\": {}}]"}}, {"model": "admin.logentry", "pk": 209, "fields": {"action_time": "2018-11-10T12:38:52.462Z", "user": 1, "content_type": 19, "object_id": "6", "object_repr": "Bonfire", "action_flag": 1, "change_message": "[{\"added\": {}}]"}}, {"model": "admin.logentry", "pk": 210, "fields": {"action_time": "2018-11-10T12:39:04.823Z", "user": 1, "content_type": 8, "object_id": "1", "object_repr": "Goa Semester Party Break", "action_flag": 2, "change_message": "[]"}}, {"model": "admin.logentry", "pk": 211, "fields": {"action_time": "2018-11-10T13:07:12.840Z", "user": 1, "content_type": 9, "object_id": "3", "object_repr": "Trekking in Mcleodganj Triund", "action_flag": 2, "change_message": "[]"}}, {"model": "admin.logentry", "pk": 212, "fields": {"action_time": "2018-11-10T13:07:22.008Z", "user": 1, "content_type": 9, "object_id": "2", "object_repr": "Howdy Party at Goa", "action_flag": 2, "change_message": "[]"}}, {"model": "admin.logentry", "pk": 213, "fields": {"action_time": "2018-11-10T13:07:35.198Z", "user": 1, "content_type": 9, "object_id": "1", "object_repr": "Kasol and Kheerganga Trek", "action_flag": 2, "change_message": "[]"}}, {"model": "admin.logentry", "pk": 214, "fields": {"action_time": "2018-11-10T13:07:51.466Z", "user": 1, "content_type": 9, "object_id": "2", "object_repr": "Howdy Party at Goa", "action_flag": 2, "change_message": "[]"}}, {"model": "admin.logentry", "pk": 215, "fields": {"action_time": "2018-11-10T13:41:29.400Z", "user": 1, "content_type": 9, "object_id": "3", "object_repr": "Trekking in Mcleodganj Triund", "action_flag": 2, "change_message": "[{\"added\": {\"object\": \"UpcomingTripImage object\", \"name\": \"upcoming trip image\"}}, {\"added\": {\"object\": \"UpcomingTripImage object\", \"name\": \"upcoming trip image\"}}, {\"added\": {\"object\": \"UpcomingTripImage object\", \"name\": \"upcoming trip image\"}}]"}}, {"model": "admin.logentry", "pk": 216, "fields": {"action_time": "2018-11-11T01:46:17.204Z", "user": 1, "content_type": 9, "object_id": "3", "object_repr": "Trekking in Mcleodganj Triund", "action_flag": 2, "change_message": "[{\"changed\": {\"fields\": [\"discount_price\"]}}]"}}, {"model": "admin.logentry", "pk": 217, "fields": {"action_time": "2018-11-11T01:46:36.142Z", "user": 1, "content_type": 9, "object_id": "2", "object_repr": "Howdy Party at Goa", "action_flag": 2, "change_message": "[{\"changed\": {\"fields\": [\"discount_price\"]}}]"}}, {"model": "admin.logentry", "pk": 218, "fields": {"action_time": "2018-11-11T01:46:43.530Z", "user": 1, "content_type": 9, "object_id": "1", "object_repr": "Kasol and Kheerganga Trek", "action_flag": 2, "change_message": "[{\"changed\": {\"fields\": [\"discount_price\"]}}]"}}, {"model": "admin.logentry", "pk": 219, "fields": {"action_time": "2018-11-11T04:45:59.041Z", "user": 1, "content_type": 17, "object_id": "1", "object_repr": "5 Unknown Treks in Himachal", "action_flag": 2, "change_message": "[]"}}, {"model": "admin.logentry", "pk": 220, "fields": {"action_time": "2018-11-13T09:35:17.876Z", "user": 1, "content_type": 4, "object_id": "1", "object_repr": "mr_robot", "action_flag": 2, "change_message": "[{\"changed\": {\"fields\": [\"password\"]}}]"}}, {"model": "admin.logentry", "pk": 221, "fields": {"action_time": "2018-11-22T06:13:11.925Z", "user": 1, "content_type": 31, "object_id": "1", "object_repr": "Hatu Peak, Narkhanda", "action_flag": 1, "change_message": "[{\"added\": {}}, {\"added\": {\"object\": \"Cycling\", \"name\": \"stay addon\"}}, {\"added\": {\"object\": \"Rock Climbing\", \"name\": \"stay addon\"}}, {\"added\": {\"object\": \"Bonfire\", \"name\": \"stay addon\"}}, {\"added\": {\"object\": \"Stayimage object\", \"name\": \"stayimage\"}}, {\"added\": {\"object\": \"Stayimage object\", \"name\": \"stayimage\"}}, {\"added\": {\"object\": \"Stayimage object\", \"name\": \"stayimage\"}}]"}}, {"model": "admin.logentry", "pk": 222, "fields": {"action_time": "2018-11-22T06:45:18.092Z", "user": 1, "content_type": 31, "object_id": "2", "object_repr": "Goa", "action_flag": 1, "change_message": "[{\"added\": {}}, {\"added\": {\"object\": \"Stayimage object\", \"name\": \"stayimage\"}}, {\"added\": {\"object\": \"Stayimage object\", \"name\": \"stayimage\"}}]"}}, {"model": "admin.logentry", "pk": 223, "fields": {"action_time": "2018-11-23T04:05:59.795Z", "user": 1, "content_type": 31, "object_id": "2", "object_repr": "Goa", "action_flag": 2, "change_message": "[{\"added\": {\"object\": \"Cycling\", \"name\": \"stay addon\"}}, {\"added\": {\"object\": \"Surfing\", \"name\": \"stay addon\"}}]"}}, {"model": "admin.logentry", "pk": 224, "fields": {"action_time": "2018-11-23T14:43:15.586Z", "user": 1, "content_type": 13, "object_id": "1", "object_repr": "Bungee Jumping Lonavala", "action_flag": 2, "change_message": "[{\"changed\": {\"fields\": [\"price_per_person\"]}}]"}}, {"model": "admin.logentry", "pk": 225, "fields": {"action_time": "2018-11-23T14:43:34.690Z", "user": 1, "content_type": 13, "object_id": "1", "object_repr": "Bungee Jumping Lonavala", "action_flag": 2, "change_message": "[{\"changed\": {\"fields\": [\"price_per_person\"]}}]"}}, {"model": "admin.logentry", "pk": 226, "fields": {"action_time": "2018-11-28T06:32:39.072Z", "user": 1, "content_type": 17, "object_id": "2", "object_repr": "Adventure Tours In Himachal Pradesh", "action_flag": 2, "change_message": "[{\"changed\": {\"fields\": [\"image\"], \"object\": \"4. Paragliding in Himachal Pradesh\", \"name\": \"post\"}}]"}}, {"model": "admin.logentry", "pk": 227, "fields": {"action_time": "2018-11-28T06:35:11.815Z", "user": 1, "content_type": 17, "object_id": "1", "object_repr": "5 Unknown Treks in Himachal", "action_flag": 2, "change_message": "[{\"changed\": {\"fields\": [\"image\"], \"object\": \"5. Thachi Valley trek\", \"name\": \"post\"}}]"}}, {"model": "admin.logentry", "pk": 228, "fields": {"action_time": "2018-11-28T06:38:51.894Z", "user": 1, "content_type": 17, "object_id": "2", "object_repr": "Adventure Tours In Himachal Pradesh", "action_flag": 2, "change_message": "[{\"changed\": {\"fields\": [\"image\"], \"object\": \"2. Skiing in Himachal Pradesh\", \"name\": \"post\"}}]"}}, {"model": "admin.logentry", "pk": 229, "fields": {"action_time": "2018-11-28T06:39:25.093Z", "user": 1, "content_type": 17, "object_id": "2", "object_repr": "Adventure Tours In Himachal Pradesh", "action_flag": 2, "change_message": "[{\"changed\": {\"fields\": [\"image\"], \"object\": \"2. Skiing in Himachal Pradesh\", \"name\": \"post\"}}, {\"changed\": {\"fields\": [\"image\"], \"object\": \"4. Paragliding in Himachal Pradesh\", \"name\": \"post\"}}]"}}, {"model": "admin.logentry", "pk": 230, "fields": {"action_time": "2018-11-28T07:47:48.464Z", "user": 1, "content_type": 17, "object_id": "2", "object_repr": "Adventure Tours In Himachal Pradesh", "action_flag": 2, "change_message": "[{\"changed\": {\"fields\": [\"image\"], \"object\": \"4. Paragliding in Himachal Pradesh\", \"name\": \"post\"}}]"}}, {"model": "admin.logentry", "pk": 231, "fields": {"action_time": "2018-11-28T08:11:52.076Z", "user": 1, "content_type": 17, "object_id": "1", "object_repr": "5 Unknown Treks in Himachal", "action_flag": 2, "change_message": "[{\"changed\": {\"fields\": [\"description\"], \"object\": \"1. Charang Ghati Pass\", \"name\": \"post\"}}, {\"changed\": {\"fields\": [\"description\"], \"object\": \"2. Darati Pass Trek\", \"name\": \"post\"}}, {\"changed\": {\"fields\": [\"description\"], \"object\": \"3. Pin Parvati Trek\", \"name\": \"post\"}}, {\"changed\": {\"fields\": [\"description\"], \"object\": \"4. Trek through Pabbar Valley\", \"name\": \"post\"}}, {\"changed\": {\"fields\": [\"description\"], \"object\": \"5. Thachi Valley trek\", \"name\": \"post\"}}]"}}, {"model": "admin.logentry", "pk": 232, "fields": {"action_time": "2018-11-28T08:12:32.603Z", "user": 1, "content_type": 17, "object_id": "1", "object_repr": "5 Unknown Treks in Himachal", "action_flag": 2, "change_message": "[{\"changed\": {\"fields\": [\"description\"], \"object\": \"1. Charang Ghati Pass\", \"name\": \"post\"}}, {\"changed\": {\"fields\": [\"description\"], \"object\": \"3. Pin Parvati Trek\", \"name\": \"post\"}}]"}}, {"model": "admin.logentry", "pk": 233, "fields": {"action_time": "2018-11-28T08:13:49.171Z", "user": 1, "content_type": 17, "object_id": "1", "object_repr": "5 Unknown Treks in Himachal", "action_flag": 2, "change_message": "[{\"changed\": {\"fields\": [\"description\"], \"object\": \"3. Pin Parvati Trek\", \"name\": \"post\"}}]"}}, {"model": "admin.logentry", "pk": 234, "fields": {"action_time": "2018-11-28T08:15:04.732Z", "user": 1, "content_type": 17, "object_id": "1", "object_repr": "5 Unknown Treks in Himachal", "action_flag": 2, "change_message": "[]"}}, {"model": "admin.logentry", "pk": 235, "fields": {"action_time": "2018-11-30T06:23:46.441Z", "user": 1, "content_type": 13, "object_id": "1", "object_repr": "Bungee Jumping Lonavala", "action_flag": 2, "change_message": "[{\"changed\": {\"fields\": [\"group_prices\", \"notes_for_activity\"]}}]"}}, {"model": "admin.logentry", "pk": 236, "fields": {"action_time": "2018-11-30T06:25:16.983Z", "user": 1, "content_type": 13, "object_id": "2", "object_repr": "Bungee Jumping Bangalore", "action_flag": 2, "change_message": "[{\"changed\": {\"fields\": [\"group_prices\", \"notes_for_activity\"]}}]"}}, {"model": "admin.logentry", "pk": 237, "fields": {"action_time": "2018-11-30T06:25:28.994Z", "user": 1, "content_type": 13, "object_id": "1", "object_repr": "Bungee Jumping Lonavala", "action_flag": 2, "change_message": "[{\"changed\": {\"fields\": [\"group_prices\"]}}]"}}, {"model": "admin.logentry", "pk": 238, "fields": {"action_time": "2018-11-30T06:25:36.171Z", "user": 1, "content_type": 13, "object_id": "3", "object_repr": "Scuba diving", "action_flag": 2, "change_message": "[{\"changed\": {\"fields\": [\"group_prices\", \"notes_for_activity\"]}}]"}}, {"model": "admin.logentry", "pk": 239, "fields": {"action_time": "2018-12-04T14:11:20.417Z", "user": 1, "content_type": 31, "object_id": "1", "object_repr": "Hatu Peak, Narkhanda", "action_flag": 2, "change_message": "[{\"changed\": {\"fields\": [\"ep_per_person\", \"cp_per_person\", \"ap_per_person\", \"mapai_per_person\"]}}]"}}, {"model": "admin.logentry", "pk": 240, "fields": {"action_time": "2018-12-04T14:11:53.091Z", "user": 1, "content_type": 31, "object_id": "2", "object_repr": "Goa", "action_flag": 2, "change_message": "[{\"changed\": {\"fields\": [\"price_per_room\", \"capacity_allowed\", \"ep_per_person\", \"cp_per_person\", \"ap_per_person\", \"mapai_per_person\"]}}]"}}, {"model": "admin.logentry", "pk": 241, "fields": {"action_time": "2018-12-04T15:39:45.243Z", "user": 1, "content_type": 31, "object_id": "1", "object_repr": "Hatu Peak, Narkhanda", "action_flag": 2, "change_message": "[{\"changed\": {\"fields\": [\"ep_per_person\", \"cp_per_person\", \"ap_per_person\", \"mapai_per_person\"]}}]"}}, {"model": "admin.logentry", "pk": 242, "fields": {"action_time": "2018-12-07T14:30:13.048Z", "user": 1, "content_type": 8, "object_id": "1", "object_repr": "Goa Semester Party Break", "action_flag": 2, "change_message": "[{\"added\": {\"object\": \"GroupPackageitenerary object\", \"name\": \"group packageitenerary\"}}, {\"added\": {\"object\": \"GroupPackageitenerary object\", \"name\": \"group packageitenerary\"}}, {\"added\": {\"object\": \"GroupPackageitenerary object\", \"name\": \"group packageitenerary\"}}]"}}, {"model": "admin.logentry", "pk": 243, "fields": {"action_time": "2018-12-07T14:34:45.798Z", "user": 1, "content_type": 8, "object_id": "1", "object_repr": "Goa Semester Party Break", "action_flag": 2, "change_message": "[{\"added\": {\"object\": \"GroupPackageitenerary object\", \"name\": \"group packageitenerary\"}}, {\"added\": {\"object\": \"GroupPackageitenerary object\", \"name\": \"group packageitenerary\"}}, {\"changed\": {\"fields\": [\"day_detail\"], \"object\": \"GroupPackageitenerary object\", \"name\": \"group packageitenerary\"}}, {\"changed\": {\"fields\": [\"day_detail\"], \"object\": \"GroupPackageitenerary object\", \"name\": \"group packageitenerary\"}}, {\"changed\": {\"fields\": [\"day_detail\"], \"object\": \"GroupPackageitenerary object\", \"name\": \"group packageitenerary\"}}]"}}, {"model": "admin.logentry", "pk": 244, "fields": {"action_time": "2018-12-07T15:10:02.864Z", "user": 1, "content_type": 8, "object_id": "1", "object_repr": "Goa Semester Party Break", "action_flag": 2, "change_message": "[{\"changed\": {\"fields\": [\"day_detail\"], \"object\": \"GroupPackageitenerary object\", \"name\": \"group packageitenerary\"}}]"}}, {"model": "admin.logentry", "pk": 245, "fields": {"action_time": "2018-12-07T15:15:34.923Z", "user": 1, "content_type": 8, "object_id": "1", "object_repr": "Goa Semester Party Break", "action_flag": 2, "change_message": "[{\"changed\": {\"fields\": [\"day_detail\"], \"object\": \"GroupPackageitenerary object\", \"name\": \"group packageitenerary\"}}, {\"changed\": {\"fields\": [\"day_detail\"], \"object\": \"GroupPackageitenerary object\", \"name\": \"group packageitenerary\"}}, {\"changed\": {\"fields\": [\"day_detail\"], \"object\": \"GroupPackageitenerary object\", \"name\": \"group packageitenerary\"}}, {\"changed\": {\"fields\": [\"day_detail\"], \"object\": \"GroupPackageitenerary object\", \"name\": \"group packageitenerary\"}}]"}}, {"model": "admin.logentry", "pk": 246, "fields": {"action_time": "2018-12-07T15:22:16.532Z", "user": 1, "content_type": 8, "object_id": "1", "object_repr": "Goa Semester Party Break", "action_flag": 2, "change_message": "[]"}}, {"model": "admin.logentry", "pk": 247, "fields": {"action_time": "2018-12-07T21:18:47.807Z", "user": 1, "content_type": 9, "object_id": "3", "object_repr": "Trekking in Mcleodganj Triund", "action_flag": 2, "change_message": "[{\"added\": {\"object\": \"UpcomingTripItinerary object\", \"name\": \"upcoming trip itinerary\"}}, {\"added\": {\"object\": \"UpcomingTripItinerary object\", \"name\": \"upcoming trip itinerary\"}}, {\"added\": {\"object\": \"UpcomingTripItinerary object\", \"name\": \"upcoming trip itinerary\"}}]"}}, {"model": "admin.logentry", "pk": 248, "fields": {"action_time": "2018-12-07T21:49:31.686Z", "user": 1, "content_type": 9, "object_id": "3", "object_repr": "Trekking in Mcleodganj Triund", "action_flag": 2, "change_message": "[{\"changed\": {\"fields\": [\"head_description\"]}}]"}}, {"model": "admin.logentry", "pk": 249, "fields": {"action_time": "2018-12-07T22:06:12.915Z", "user": 1, "content_type": 9, "object_id": "3", "object_repr": "Trekking in Mcleodganj Triund", "action_flag": 2, "change_message": "[{\"added\": {\"object\": \"UpcomingTripItinerary object\", \"name\": \"upcoming trip itinerary\"}}, {\"changed\": {\"fields\": [\"day_detail\"], \"object\": \"UpcomingTripItinerary object\", \"name\": \"upcoming trip itinerary\"}}, {\"changed\": {\"fields\": [\"day_detail\"], \"object\": \"UpcomingTripItinerary object\", \"name\": \"upcoming trip itinerary\"}}, {\"changed\": {\"fields\": [\"day_detail\"], \"object\": \"UpcomingTripItinerary object\", \"name\": \"upcoming trip itinerary\"}}]"}}, {"model": "admin.logentry", "pk": 250, "fields": {"action_time": "2018-12-07T22:08:43.110Z", "user": 1, "content_type": 8, "object_id": "1", "object_repr": "Goa Semester Party Break", "action_flag": 2, "change_message": "[{\"changed\": {\"fields\": [\"day_detail\"], \"object\": \"GroupPackageitenerary object\", \"name\": \"group packageitenerary\"}}, {\"changed\": {\"fields\": [\"day_detail\"], \"object\": \"GroupPackageitenerary object\", \"name\": \"group packageitenerary\"}}, {\"changed\": {\"fields\": [\"day_detail\"], \"object\": \"GroupPackageitenerary object\", \"name\": \"group packageitenerary\"}}, {\"changed\": {\"fields\": [\"day_detail\"], \"object\": \"GroupPackageitenerary object\", \"name\": \"group packageitenerary\"}}]"}}, {"model": "admin.logentry", "pk": 251, "fields": {"action_time": "2018-12-07T22:10:35.451Z", "user": 1, "content_type": 8, "object_id": "1", "object_repr": "Goa Semester Party Break", "action_flag": 2, "change_message": "[{\"changed\": {\"fields\": [\"day_detail\"], \"object\": \"GroupPackageitenerary object\", \"name\": \"group packageitenerary\"}}, {\"changed\": {\"fields\": [\"day_detail\"], \"object\": \"GroupPackageitenerary object\", \"name\": \"group packageitenerary\"}}, {\"changed\": {\"fields\": [\"day_detail\"], \"object\": \"GroupPackageitenerary object\", \"name\": \"group packageitenerary\"}}]"}}, {"model": "admin.logentry", "pk": 252, "fields": {"action_time": "2018-12-07T22:11:14.381Z", "user": 1, "content_type": 8, "object_id": "1", "object_repr": "Goa Semester Party Break", "action_flag": 2, "change_message": "[{\"changed\": {\"fields\": [\"day_detail\"], \"object\": \"GroupPackageitenerary object\", \"name\": \"group packageitenerary\"}}]"}}, {"model": "admin.logentry", "pk": 253, "fields": {"action_time": "2018-12-07T22:19:20.587Z", "user": 1, "content_type": 7, "object_id": "1", "object_repr": "Goa", "action_flag": 2, "change_message": "[]"}}, {"model": "admin.logentry", "pk": 254, "fields": {"action_time": "2018-12-07T22:20:01.156Z", "user": 1, "content_type": 13, "object_id": "3", "object_repr": "Scuba diving", "action_flag": 2, "change_message": "[{\"changed\": {\"fields\": [\"destination\"]}}]"}}, {"model": "admin.logentry", "pk": 255, "fields": {"action_time": "2018-12-08T00:06:38.670Z", "user": 1, "content_type": 9, "object_id": "2", "object_repr": "Howdy Party at Goa", "action_flag": 2, "change_message": "[]"}}, {"model": "admin.logentry", "pk": 256, "fields": {"action_time": "2018-12-08T15:56:24.036Z", "user": 1, "content_type": 9, "object_id": "3", "object_repr": "Trekking in Mcleodganj Triund", "action_flag": 2, "change_message": "[{\"changed\": {\"fields\": [\"day_detail\"], \"object\": \"UpcomingTripItinerary object\", \"name\": \"upcoming trip itinerary\"}}]"}}, {"model": "admin.logentry", "pk": 257, "fields": {"action_time": "2018-12-08T16:39:25.126Z", "user": 1, "content_type": 13, "object_id": "5", "object_repr": "Parasailing Goa", "action_flag": 2, "change_message": "[]"}}, {"model": "admin.logentry", "pk": 258, "fields": {"action_time": "2018-12-09T06:13:56.618Z", "user": 1, "content_type": 8, "object_id": "4", "object_repr": "Goa December Fun", "action_flag": 1, "change_message": "[{\"added\": {}}, {\"added\": {\"object\": \"Destinationimage object\", \"name\": \"destinationimage\"}}]"}}, {"model": "admin.logentry", "pk": 259, "fields": {"action_time": "2018-12-11T10:18:16.683Z", "user": 1, "content_type": 9, "object_id": "3", "object_repr": "Trekking in Mcleodganj Triund", "action_flag": 2, "change_message": "[{\"changed\": {\"fields\": [\"logo\"]}}]"}}, {"model": "admin.logentry", "pk": 260, "fields": {"action_time": "2018-12-11T14:41:15.355Z", "user": 1, "content_type": 23, "object_id": "5", "object_repr": "Kheerganga Trekkers", "action_flag": 1, "change_message": "[{\"added\": {}}]"}}, {"model": "admin.logentry", "pk": 261, "fields": {"action_time": "2018-12-11T14:46:44.719Z", "user": 1, "content_type": 8, "object_id": "4", "object_repr": "Goa December Fun", "action_flag": 2, "change_message": "[{\"changed\": {\"fields\": [\"logo\"]}}]"}}, {"model": "admin.logentry", "pk": 262, "fields": {"action_time": "2018-12-11T14:46:52.423Z", "user": 1, "content_type": 8, "object_id": "3", "object_repr": "Trekking in Mcleodganj Triund", "action_flag": 2, "change_message": "[{\"changed\": {\"fields\": [\"logo\"]}}]"}}, {"model": "admin.logentry", "pk": 263, "fields": {"action_time": "2018-12-11T14:47:16.930Z", "user": 1, "content_type": 8, "object_id": "2", "object_repr": "Leh Ladakh SightSeeing", "action_flag": 2, "change_message": "[{\"changed\": {\"fields\": [\"logo\"]}}]"}}, {"model": "admin.logentry", "pk": 264, "fields": {"action_time": "2018-12-11T14:48:53.484Z", "user": 1, "content_type": 13, "object_id": "5", "object_repr": "Parasailing Goa", "action_flag": 2, "change_message": "[{\"changed\": {\"fields\": [\"logo\"]}}]"}}, {"model": "admin.logentry", "pk": 265, "fields": {"action_time": "2018-12-11T14:49:45.671Z", "user": 1, "content_type": 13, "object_id": "5", "object_repr": "Parasailing Goa", "action_flag": 2, "change_message": "[{\"changed\": {\"fields\": [\"logo\"]}}]"}}, {"model": "admin.logentry", "pk": 266, "fields": {"action_time": "2018-12-11T14:50:49.158Z", "user": 1, "content_type": 13, "object_id": "3", "object_repr": "Scuba diving", "action_flag": 2, "change_message": "[{\"changed\": {\"fields\": [\"logo\"]}}]"}}, {"model": "admin.logentry", "pk": 267, "fields": {"action_time": "2018-12-11T14:51:07.116Z", "user": 1, "content_type": 13, "object_id": "4", "object_repr": "Cycling lonavala", "action_flag": 2, "change_message": "[{\"changed\": {\"fields\": [\"logo\"]}}]"}}, {"model": "admin.logentry", "pk": 268, "fields": {"action_time": "2018-12-11T14:52:00.453Z", "user": 1, "content_type": 13, "object_id": "1", "object_repr": "Bungee Jumping Lonavala", "action_flag": 2, "change_message": "[{\"changed\": {\"fields\": [\"logo\"]}}]"}}, {"model": "admin.logentry", "pk": 269, "fields": {"action_time": "2018-12-11T15:05:44.695Z", "user": 1, "content_type": 13, "object_id": "4", "object_repr": "Cycling lonavala", "action_flag": 2, "change_message": "[{\"changed\": {\"fields\": [\"logo\"]}}]"}}, {"model": "admin.logentry", "pk": 270, "fields": {"action_time": "2018-12-11T15:06:33.597Z", "user": 1, "content_type": 13, "object_id": "2", "object_repr": "Bungee Jumping Bangalore", "action_flag": 2, "change_message": "[{\"changed\": {\"fields\": [\"logo\"]}}]"}}, {"model": "admin.logentry", "pk": 271, "fields": {"action_time": "2018-12-11T15:07:08.568Z", "user": 1, "content_type": 13, "object_id": "4", "object_repr": "Cycling lonavala", "action_flag": 2, "change_message": "[{\"changed\": {\"fields\": [\"logo\"]}}]"}}, {"model": "admin.logentry", "pk": 272, "fields": {"action_time": "2018-12-11T15:08:02.615Z", "user": 1, "content_type": 8, "object_id": "4", "object_repr": "Goa December Fun", "action_flag": 2, "change_message": "[{\"changed\": {\"fields\": [\"logo\"]}}]"}}, {"model": "admin.logentry", "pk": 273, "fields": {"action_time": "2018-12-11T15:11:52.602Z", "user": 1, "content_type": 8, "object_id": "1", "object_repr": "Goa Semester Party Break", "action_flag": 2, "change_message": "[{\"changed\": {\"fields\": [\"logo\"]}}]"}}, {"model": "admin.logentry", "pk": 274, "fields": {"action_time": "2018-12-11T15:56:45.463Z", "user": 1, "content_type": 8, "object_id": "4", "object_repr": "Goa December Fun", "action_flag": 2, "change_message": "[{\"changed\": {\"fields\": [\"logo\"]}}]"}}, {"model": "admin.logentry", "pk": 275, "fields": {"action_time": "2018-12-12T08:14:43.061Z", "user": 1, "content_type": 19, "object_id": "6", "object_repr": "Bonfire", "action_flag": 2, "change_message": "[{\"changed\": {\"fields\": [\"icon\"]}}]"}}, {"model": "admin.logentry", "pk": 276, "fields": {"action_time": "2018-12-12T08:17:00.479Z", "user": 1, "content_type": 19, "object_id": "5", "object_repr": "Dj Night", "action_flag": 2, "change_message": "[{\"changed\": {\"fields\": [\"icon\"]}}]"}}, {"model": "admin.logentry", "pk": 277, "fields": {"action_time": "2018-12-12T08:18:42.916Z", "user": 1, "content_type": 19, "object_id": "4", "object_repr": "River Rafting", "action_flag": 2, "change_message": "[{\"changed\": {\"fields\": [\"icon\"]}}]"}}, {"model": "admin.logentry", "pk": 278, "fields": {"action_time": "2018-12-12T08:18:50.733Z", "user": 1, "content_type": 19, "object_id": "1", "object_repr": "Travel", "action_flag": 2, "change_message": "[{\"changed\": {\"fields\": [\"icon\"]}}]"}}, {"model": "admin.logentry", "pk": 279, "fields": {"action_time": "2018-12-12T08:19:40.457Z", "user": 1, "content_type": 19, "object_id": "3", "object_repr": "Stay", "action_flag": 2, "change_message": "[{\"changed\": {\"fields\": [\"icon\"]}}]"}}, {"model": "admin.logentry", "pk": 280, "fields": {"action_time": "2018-12-12T08:20:40.586Z", "user": 1, "content_type": 8, "object_id": "4", "object_repr": "Goa December Fun", "action_flag": 2, "change_message": "[{\"added\": {\"object\": \"Destinationpackagehighlights object\", \"name\": \"destinationpackagehighlights\"}}, {\"added\": {\"object\": \"Destinationpackagehighlights object\", \"name\": \"destinationpackagehighlights\"}}, {\"added\": {\"object\": \"Destinationpackagehighlights object\", \"name\": \"destinationpackagehighlights\"}}, {\"added\": {\"object\": \"Destinationpackagehighlights object\", \"name\": \"destinationpackagehighlights\"}}]"}}, {"model": "admin.logentry", "pk": 281, "fields": {"action_time": "2018-12-12T08:30:25.890Z", "user": 1, "content_type": 19, "object_id": "2", "object_repr": "All Breakfast And Dinner", "action_flag": 2, "change_message": "[{\"changed\": {\"fields\": [\"icon\"]}}]"}}, {"model": "admin.logentry", "pk": 282, "fields": {"action_time": "2018-12-12T08:42:29.237Z", "user": 1, "content_type": 19, "object_id": "2", "object_repr": "All Breakfast & Dinner", "action_flag": 2, "change_message": "[{\"changed\": {\"fields\": [\"title\"]}}]"}}, {"model": "admin.logentry", "pk": 283, "fields": {"action_time": "2018-12-12T08:43:04.267Z", "user": 1, "content_type": 8, "object_id": "1", "object_repr": "Goa Semester Party Break", "action_flag": 2, "change_message": "[{\"changed\": {\"fields\": [\"duration_nights\"]}}]"}}, {"model": "admin.logentry", "pk": 284, "fields": {"action_time": "2018-12-12T08:43:18.283Z", "user": 1, "content_type": 8, "object_id": "3", "object_repr": "Trekking in Mcleodganj Triund", "action_flag": 2, "change_message": "[{\"changed\": {\"fields\": [\"duration_nights\"]}}]"}}, {"model": "admin.logentry", "pk": 285, "fields": {"action_time": "2018-12-12T08:43:36.949Z", "user": 1, "content_type": 8, "object_id": "2", "object_repr": "Leh Ladakh SightSeeing", "action_flag": 2, "change_message": "[{\"changed\": {\"fields\": [\"duration_nights\"]}}]"}}, {"model": "admin.logentry", "pk": 286, "fields": {"action_time": "2018-12-12T08:45:12.075Z", "user": 1, "content_type": 8, "object_id": "1", "object_repr": "Goa Semester Party Break", "action_flag": 2, "change_message": "[]"}}, {"model": "admin.logentry", "pk": 287, "fields": {"action_time": "2018-12-12T08:54:00.918Z", "user": 1, "content_type": 8, "object_id": "1", "object_repr": "Goa Semester Party Break", "action_flag": 2, "change_message": "[{\"added\": {\"object\": \"Destinationpackagehighlights object\", \"name\": \"destinationpackagehighlights\"}}, {\"added\": {\"object\": \"Destinationpackagehighlights object\", \"name\": \"destinationpackagehighlights\"}}, {\"added\": {\"object\": \"Destinationpackagehighlights object\", \"name\": \"destinationpackagehighlights\"}}, {\"added\": {\"object\": \"Destinationpackagehighlights object\", \"name\": \"destinationpackagehighlights\"}}]"}}, {"model": "admin.logentry", "pk": 288, "fields": {"action_time": "2018-12-12T09:07:12.762Z", "user": 1, "content_type": 8, "object_id": "4", "object_repr": "Goa December Fun", "action_flag": 2, "change_message": "[{\"changed\": {\"fields\": [\"duration_nights\"]}}]"}}, {"model": "admin.logentry", "pk": 289, "fields": {"action_time": "2018-12-12T11:29:45.005Z", "user": 1, "content_type": 8, "object_id": "4", "object_repr": "Goa December Fun", "action_flag": 2, "change_message": "[{\"changed\": {\"fields\": [\"head_description\", \"package_description\"]}}]"}}, {"model": "admin.logentry", "pk": 290, "fields": {"action_time": "2018-12-13T11:02:04.616Z", "user": 1, "content_type": 8, "object_id": "1", "object_repr": "Goa Semester Party Break", "action_flag": 2, "change_message": "[]"}}, {"model": "admin.logentry", "pk": 291, "fields": {"action_time": "2018-12-13T12:02:01.307Z", "user": 1, "content_type": 8, "object_id": "1", "object_repr": "Goa Semester Party Break", "action_flag": 2, "change_message": "[{\"changed\": {\"fields\": [\"package_description\"]}}]"}}, {"model": "admin.logentry", "pk": 292, "fields": {"action_time": "2018-12-13T12:02:45.143Z", "user": 1, "content_type": 8, "object_id": "1", "object_repr": "Goa Semester Party Break", "action_flag": 2, "change_message": "[{\"changed\": {\"fields\": [\"package_description\"]}}]"}}, {"model": "admin.logentry", "pk": 293, "fields": {"action_time": "2018-12-13T12:05:03.519Z", "user": 1, "content_type": 8, "object_id": "1", "object_repr": "Goa Semester Party Break", "action_flag": 2, "change_message": "[]"}}, {"model": "admin.logentry", "pk": 294, "fields": {"action_time": "2018-12-13T12:06:37.527Z", "user": 1, "content_type": 8, "object_id": "1", "object_repr": "Goa Semester Party Break", "action_flag": 2, "change_message": "[{\"changed\": {\"fields\": [\"package_description\"]}}]"}}, {"model": "admin.logentry", "pk": 295, "fields": {"action_time": "2018-12-13T12:07:45.234Z", "user": 1, "content_type": 8, "object_id": "1", "object_repr": "Goa Semester Party Break", "action_flag": 2, "change_message": "[{\"changed\": {\"fields\": [\"head_description\"]}}]"}}, {"model": "admin.logentry", "pk": 296, "fields": {"action_time": "2018-12-13T12:18:32.635Z", "user": 1, "content_type": 8, "object_id": "1", "object_repr": "GOA SEMESTER PARTY BREAK", "action_flag": 2, "change_message": "[{\"changed\": {\"fields\": [\"title\"]}}]"}}, {"model": "admin.logentry", "pk": 297, "fields": {"action_time": "2018-12-13T12:18:44.736Z", "user": 1, "content_type": 8, "object_id": "4", "object_repr": "GOA DECEMBER FUN", "action_flag": 2, "change_message": "[{\"changed\": {\"fields\": [\"title\", \"package_description\"]}}]"}}, {"model": "admin.logentry", "pk": 298, "fields": {"action_time": "2018-12-13T12:37:21.087Z", "user": 1, "content_type": 8, "object_id": "1", "object_repr": "GOA SEMESTER PARTY BREAK", "action_flag": 2, "change_message": "[{\"changed\": {\"fields\": [\"package_description\"]}}]"}}, {"model": "admin.logentry", "pk": 299, "fields": {"action_time": "2018-12-13T12:39:25.388Z", "user": 1, "content_type": 8, "object_id": "1", "object_repr": "GOA SEMESTER PARTY BREAK", "action_flag": 2, "change_message": "[]"}}, {"model": "admin.logentry", "pk": 300, "fields": {"action_time": "2018-12-13T12:41:49.319Z", "user": 1, "content_type": 8, "object_id": "1", "object_repr": "GOA SEMESTER PARTY BREAK", "action_flag": 2, "change_message": "[{\"changed\": {\"fields\": [\"package_description\"]}}]"}}, {"model": "admin.logentry", "pk": 301, "fields": {"action_time": "2018-12-13T12:42:20.417Z", "user": 1, "content_type": 8, "object_id": "1", "object_repr": "GOA SEMESTER PARTY BREAK", "action_flag": 2, "change_message": "[{\"changed\": {\"fields\": [\"package_description\"]}}]"}}, {"model": "admin.logentry", "pk": 302, "fields": {"action_time": "2018-12-13T12:50:02.921Z", "user": 1, "content_type": 8, "object_id": "1", "object_repr": "GOA SEMESTER PARTY BREAK", "action_flag": 2, "change_message": "[{\"changed\": {\"fields\": [\"head_description\"]}}]"}}, {"model": "admin.logentry", "pk": 303, "fields": {"action_time": "2018-12-13T12:54:32.003Z", "user": 1, "content_type": 8, "object_id": "1", "object_repr": "Goa Semester Party Break", "action_flag": 2, "change_message": "[{\"changed\": {\"fields\": [\"title\"]}}]"}}, {"model": "admin.logentry", "pk": 304, "fields": {"action_time": "2018-12-13T12:54:41.987Z", "user": 1, "content_type": 8, "object_id": "4", "object_repr": "Goa December Fun", "action_flag": 2, "change_message": "[{\"changed\": {\"fields\": [\"title\", \"head_description\"]}}]"}}, {"model": "admin.logentry", "pk": 305, "fields": {"action_time": "2018-12-13T14:30:50.281Z", "user": 1, "content_type": 13, "object_id": "3", "object_repr": "Scuba diving", "action_flag": 2, "change_message": "[{\"added\": {\"object\": \"Requiredgear object\", \"name\": \"requiredgear\"}}, {\"added\": {\"object\": \"Requiredgear object\", \"name\": \"requiredgear\"}}, {\"added\": {\"object\": \"Requiredgear object\", \"name\": \"requiredgear\"}}]"}}, {"model": "admin.logentry", "pk": 306, "fields": {"action_time": "2018-12-13T14:43:27.716Z", "user": 1, "content_type": 13, "object_id": "3", "object_repr": "Scuba diving", "action_flag": 2, "change_message": "[{\"changed\": {\"fields\": [\"short_description\"]}}]"}}, {"model": "admin.logentry", "pk": 307, "fields": {"action_time": "2018-12-13T16:00:11.893Z", "user": 1, "content_type": 31, "object_id": "1", "object_repr": "Hatu Peak, Narkhanda", "action_flag": 2, "change_message": "[]"}}, {"model": "admin.logentry", "pk": 308, "fields": {"action_time": "2018-12-13T16:00:33.332Z", "user": 1, "content_type": 31, "object_id": "2", "object_repr": "Goa", "action_flag": 2, "change_message": "[]"}}, {"model": "admin.logentry", "pk": 309, "fields": {"action_time": "2018-12-15T03:35:36.173Z", "user": 1, "content_type": 13, "object_id": "2", "object_repr": "Bungee Jumping Bangalore", "action_flag": 2, "change_message": "[{\"changed\": {\"fields\": [\"short_description\"]}}]"}}, {"model": "admin.logentry", "pk": 310, "fields": {"action_time": "2018-12-15T12:34:13.914Z", "user": 1, "content_type": 8, "object_id": "5", "object_repr": "kanatal", "action_flag": 1, "change_message": "[{\"added\": {}}]"}}, {"model": "admin.logentry", "pk": 311, "fields": {"action_time": "2018-12-28T09:26:54.305Z", "user": 1, "content_type": 8, "object_id": "1", "object_repr": "Goa Semester Relaxation", "action_flag": 2, "change_message": "[{\"changed\": {\"fields\": [\"title\"]}}]"}}, {"model": "admin.logentry", "pk": 312, "fields": {"action_time": "2019-01-01T13:41:59.475Z", "user": 1, "content_type": 22, "object_id": "4", "object_repr": "Palolem Beach", "action_flag": 1, "change_message": "[{\"added\": {}}]"}}, {"model": "admin.logentry", "pk": 313, "fields": {"action_time": "2019-01-01T13:42:15.243Z", "user": 1, "content_type": 22, "object_id": "5", "object_repr": "Coco Beach", "action_flag": 1, "change_message": "[{\"added\": {}}]"}}, {"model": "admin.logentry", "pk": 314, "fields": {"action_time": "2019-01-02T07:27:11.898Z", "user": 1, "content_type": 22, "object_id": "1", "object_repr": "<a href=\"#\"> Dudhsagar Falls</a>", "action_flag": 2, "change_message": "[{\"changed\": {\"fields\": [\"title\"]}}]"}}, {"model": "admin.logentry", "pk": 315, "fields": {"action_time": "2019-01-02T07:28:13.801Z", "user": 1, "content_type": 22, "object_id": "1", "object_repr": "<a href=\"https://en.wikipedia.org/wiki/Dudhsagar_Falls\"> Dudhsagar Falls</a>", "action_flag": 2, "change_message": "[{\"changed\": {\"fields\": [\"title\"]}}]"}}, {"model": "admin.logentry", "pk": 316, "fields": {"action_time": "2019-01-02T07:28:53.373Z", "user": 1, "content_type": 22, "object_id": "1", "object_repr": "<a href=\"https://en.wikipedia.org/wiki/Dudhsagar_Falls\" target=\"_blank\"> Dudhsagar Falls</a>", "action_flag": 2, "change_message": "[{\"changed\": {\"fields\": [\"title\"]}}]"}}, {"model": "admin.logentry", "pk": 317, "fields": {"action_time": "2019-01-02T07:30:00.634Z", "user": 1, "content_type": 22, "object_id": "1", "object_repr": "<a href=\"http://127.0.0.1:8000/postdetail/1/\" target=\"_blank\"> Dudhsagar Falls</a>", "action_flag": 2, "change_message": "[{\"changed\": {\"fields\": [\"title\"]}}]"}}, {"model": "admin.logentry", "pk": 318, "fields": {"action_time": "2019-01-02T14:06:31.528Z", "user": 1, "content_type": 8, "object_id": "1", "object_repr": "Goa Semester Relaxation", "action_flag": 2, "change_message": "[{\"added\": {\"object\": \"GroupPackageReview object\", \"name\": \"group package review\"}}, {\"added\": {\"object\": \"GroupPackageReview object\", \"name\": \"group package review\"}}]"}}, {"model": "admin.logentry", "pk": 319, "fields": {"action_time": "2019-01-02T14:07:19.220Z", "user": 1, "content_type": 8, "object_id": "1", "object_repr": "Goa Semester Relaxation", "action_flag": 2, "change_message": "[]"}}, {"model": "admin.logentry", "pk": 320, "fields": {"action_time": "2019-01-04T09:49:47.336Z", "user": 1, "content_type": 8, "object_id": "1", "object_repr": "Goa Semester Relaxation", "action_flag": 2, "change_message": "[{\"changed\": {\"fields\": [\"customer_photo\"], \"object\": \"GroupPackageReview object\", \"name\": \"group package review\"}}, {\"changed\": {\"fields\": [\"customer_photo\"], \"object\": \"GroupPackageReview object\", \"name\": \"group package review\"}}]"}}, {"model": "admin.logentry", "pk": 321, "fields": {"action_time": "2019-01-04T14:02:35.435Z", "user": 1, "content_type": 8, "object_id": "1", "object_repr": "Goa Semester Relaxation", "action_flag": 2, "change_message": "[{\"changed\": {\"fields\": [\"day_detail\"], \"object\": \"GroupPackageitenerary object\", \"name\": \"group packageitenerary\"}}]"}}, {"model": "admin.logentry", "pk": 322, "fields": {"action_time": "2019-01-05T17:58:15.237Z", "user": 1, "content_type": 13, "object_id": "5", "object_repr": "Parasailing Goa", "action_flag": 2, "change_message": "[{\"changed\": {\"fields\": [\"short_description\", \"group_prices\"]}}]"}}, {"model": "admin.logentry", "pk": 323, "fields": {"action_time": "2019-01-05T17:59:27.820Z", "user": 1, "content_type": 13, "object_id": "3", "object_repr": "Scuba diving", "action_flag": 2, "change_message": "[]"}}, {"model": "admin.logentry", "pk": 324, "fields": {"action_time": "2019-01-05T18:20:56.794Z", "user": 1, "content_type": 13, "object_id": "3", "object_repr": "Scuba diving", "action_flag": 2, "change_message": "[]"}}, {"model": "admin.logentry", "pk": 325, "fields": {"action_time": "2019-01-05T21:26:57.117Z", "user": 1, "content_type": 8, "object_id": "1", "object_repr": "Goa Semester Relaxation", "action_flag": 2, "change_message": "[{\"changed\": {\"fields\": [\"duration\", \"duration_nights\"]}}]"}}, {"model": "admin.logentry", "pk": 326, "fields": {"action_time": "2019-01-06T09:42:03.327Z", "user": 1, "content_type": 13, "object_id": "2", "object_repr": "Bungee Jumping Bangalore", "action_flag": 2, "change_message": "[{\"added\": {\"object\": \"Requiredgear object\", \"name\": \"requiredgear\"}}]"}}, {"model": "admin.logentry", "pk": 327, "fields": {"action_time": "2019-01-07T06:29:20.312Z", "user": 1, "content_type": 14, "object_id": "4", "object_repr": "Go Pro Camera", "action_flag": 2, "change_message": "[]"}}, {"model": "admin.logentry", "pk": 328, "fields": {"action_time": "2019-01-07T06:36:10.707Z", "user": 1, "content_type": 14, "object_id": "5", "object_repr": "Sun Protect Glasses", "action_flag": 1, "change_message": "[{\"added\": {}}]"}}, {"model": "admin.logentry", "pk": 329, "fields": {"action_time": "2019-01-07T06:39:30.785Z", "user": 1, "content_type": 14, "object_id": "1", "object_repr": "Tents", "action_flag": 2, "change_message": "[]"}}, {"model": "admin.logentry", "pk": 330, "fields": {"action_time": "2019-01-07T06:54:58.387Z", "user": 1, "content_type": 14, "object_id": "5", "object_repr": "Sun Protect Glasses", "action_flag": 2, "change_message": "[{\"changed\": {\"fields\": [\"logo\"]}}]"}}, {"model": "admin.logentry", "pk": 331, "fields": {"action_time": "2019-01-07T15:25:34.158Z", "user": 1, "content_type": 8, "object_id": "1", "object_repr": "Goa Semester Relaxation", "action_flag": 2, "change_message": "[{\"changed\": {\"fields\": [\"day_detail\"], \"object\": \"GroupPackageitenerary object\", \"name\": \"group packageitenerary\"}}]"}}, {"model": "admin.logentry", "pk": 332, "fields": {"action_time": "2019-01-07T15:27:07.160Z", "user": 1, "content_type": 8, "object_id": "1", "object_repr": "Goa Semester Relaxation", "action_flag": 2, "change_message": "[{\"changed\": {\"fields\": [\"day_detail\"], \"object\": \"GroupPackageitenerary object\", \"name\": \"group packageitenerary\"}}]"}}, {"model": "admin.logentry", "pk": 333, "fields": {"action_time": "2019-01-07T15:40:54.010Z", "user": 1, "content_type": 8, "object_id": "1", "object_repr": "Goa Semester Relaxation", "action_flag": 2, "change_message": "[{\"changed\": {\"fields\": [\"price_for_one\", \"price_for_four\", \"price_for_seven\"]}}]"}}, {"model": "admin.logentry", "pk": 334, "fields": {"action_time": "2019-01-07T15:47:32.691Z", "user": 1, "content_type": 8, "object_id": "1", "object_repr": "Goa Semester Relaxation", "action_flag": 2, "change_message": "[{\"changed\": {\"fields\": [\"day_detail\"], \"object\": \"GroupPackageitenerary object\", \"name\": \"group packageitenerary\"}}]"}}, {"model": "admin.logentry", "pk": 335, "fields": {"action_time": "2019-01-07T15:50:43.013Z", "user": 1, "content_type": 8, "object_id": "1", "object_repr": "Goa Semester Relaxation", "action_flag": 2, "change_message": "[{\"changed\": {\"fields\": [\"day_detail\"], \"object\": \"GroupPackageitenerary object\", \"name\": \"group packageitenerary\"}}]"}}, {"model": "admin.logentry", "pk": 336, "fields": {"action_time": "2019-01-07T15:53:33.748Z", "user": 1, "content_type": 8, "object_id": "1", "object_repr": "Goa Semester Relaxation", "action_flag": 2, "change_message": "[{\"changed\": {\"fields\": [\"day_detail\"], \"object\": \"GroupPackageitenerary object\", \"name\": \"group packageitenerary\"}}]"}}, {"model": "admin.logentry", "pk": 337, "fields": {"action_time": "2019-01-14T05:41:17.062Z", "user": 1, "content_type": 8, "object_id": "1", "object_repr": "Goa Semester Relaxation", "action_flag": 2, "change_message": "[{\"changed\": {\"fields\": [\"day_detail\"], \"object\": \"GroupPackageitenerary object\", \"name\": \"group packageitenerary\"}}]"}}, {"model": "admin.logentry", "pk": 338, "fields": {"action_time": "2019-01-19T09:08:19.673Z", "user": 1, "content_type": 13, "object_id": "3", "object_repr": "Scuba diving", "action_flag": 2, "change_message": "[{\"changed\": {\"fields\": [\"level_of_difficulty_on_5\"]}}]"}}, {"model": "admin.logentry", "pk": 339, "fields": {"action_time": "2019-01-19T13:51:30.480Z", "user": 1, "content_type": 7, "object_id": "10", "object_repr": "Ladakh", "action_flag": 2, "change_message": "[{\"changed\": {\"fields\": [\"logo\"]}}]"}}, {"model": "admin.logentry", "pk": 340, "fields": {"action_time": "2019-01-19T13:51:53.644Z", "user": 1, "content_type": 7, "object_id": "9", "object_repr": "Mcleodganj", "action_flag": 2, "change_message": "[{\"changed\": {\"fields\": [\"logo\"]}}]"}}, {"model": "admin.logentry", "pk": 341, "fields": {"action_time": "2019-01-19T13:52:11.974Z", "user": 1, "content_type": 7, "object_id": "8", "object_repr": "Jodhpur", "action_flag": 2, "change_message": "[{\"changed\": {\"fields\": [\"logo\"]}}]"}}, {"model": "admin.logentry", "pk": 342, "fields": {"action_time": "2019-01-19T13:52:17.687Z", "user": 1, "content_type": 7, "object_id": "7", "object_repr": "Jaipur", "action_flag": 2, "change_message": "[{\"changed\": {\"fields\": [\"logo\"]}}]"}}, {"model": "admin.logentry", "pk": 343, "fields": {"action_time": "2019-01-19T13:52:31.476Z", "user": 1, "content_type": 7, "object_id": "6", "object_repr": "Kasol", "action_flag": 2, "change_message": "[{\"changed\": {\"fields\": [\"logo\"]}}]"}}, {"model": "admin.logentry", "pk": 344, "fields": {"action_time": "2019-01-19T13:52:40.065Z", "user": 1, "content_type": 7, "object_id": "5", "object_repr": "Kheerganga", "action_flag": 2, "change_message": "[{\"changed\": {\"fields\": [\"logo\"]}}]"}}, {"model": "admin.logentry", "pk": 345, "fields": {"action_time": "2019-01-19T13:52:59.154Z", "user": 1, "content_type": 7, "object_id": "4", "object_repr": "Leh", "action_flag": 2, "change_message": "[{\"changed\": {\"fields\": [\"logo\"]}}]"}}, {"model": "admin.logentry", "pk": 346, "fields": {"action_time": "2019-01-19T13:53:18.054Z", "user": 1, "content_type": 7, "object_id": "3", "object_repr": "Manali", "action_flag": 2, "change_message": "[{\"changed\": {\"fields\": [\"logo\"]}}]"}}, {"model": "admin.logentry", "pk": 347, "fields": {"action_time": "2019-01-19T13:53:24.869Z", "user": 1, "content_type": 7, "object_id": "2", "object_repr": "Shimla", "action_flag": 2, "change_message": "[{\"changed\": {\"fields\": [\"logo\"]}}]"}}, {"model": "admin.logentry", "pk": 348, "fields": {"action_time": "2019-01-19T13:53:40.863Z", "user": 1, "content_type": 7, "object_id": "1", "object_repr": "Goa", "action_flag": 2, "change_message": "[{\"changed\": {\"fields\": [\"logo\"]}}]"}}, {"model": "admin.logentry", "pk": 349, "fields": {"action_time": "2019-01-19T16:59:10.984Z", "user": 1, "content_type": 38, "object_id": "1", "object_repr": "Trekking", "action_flag": 1, "change_message": "[{\"added\": {}}]"}}, {"model": "admin.logentry", "pk": 350, "fields": {"action_time": "2019-01-19T16:59:21.066Z", "user": 1, "content_type": 38, "object_id": "2", "object_repr": "Adventure Thrill", "action_flag": 1, "change_message": "[{\"added\": {}}]"}}, {"model": "admin.logentry", "pk": 351, "fields": {"action_time": "2019-01-19T16:59:34.345Z", "user": 1, "content_type": 38, "object_id": "3", "object_repr": "Landbased Adventure", "action_flag": 1, "change_message": "[{\"added\": {}}]"}}, {"model": "admin.logentry", "pk": 352, "fields": {"action_time": "2019-01-19T16:59:44.975Z", "user": 1, "content_type": 38, "object_id": "4", "object_repr": "Himachal Treks", "action_flag": 1, "change_message": "[{\"added\": {}}]"}}, {"model": "admin.logentry", "pk": 353, "fields": {"action_time": "2019-01-19T17:03:06.125Z", "user": 1, "content_type": 17, "object_id": "2", "object_repr": "Adventure Tours In Himachal Pradesh", "action_flag": 2, "change_message": "[{\"changed\": {\"fields\": [\"description\"], \"object\": \"1. Trekking in Himachal Pradesh\", \"name\": \"post\"}}, {\"changed\": {\"fields\": [\"description\"], \"object\": \"2. Skiing in Himachal Pradesh\", \"name\": \"post\"}}, {\"changed\": {\"fields\": [\"description\"], \"object\": \"3. Camping in Himachal Pradesh\", \"name\": \"post\"}}, {\"changed\": {\"fields\": [\"description\"], \"object\": \"4. Paragliding in Himachal Pradesh\", \"name\": \"post\"}}, {\"changed\": {\"fields\": [\"description\"], \"object\": \"5. Motorbiking and Road Trips in Himachal Pradesh\", \"name\": \"post\"}}]"}}, {"model": "admin.logentry", "pk": 354, "fields": {"action_time": "2019-01-19T17:03:16.594Z", "user": 1, "content_type": 17, "object_id": "1", "object_repr": "5 Unknown Treks in Himachal", "action_flag": 2, "change_message": "[]"}}, {"model": "admin.logentry", "pk": 355, "fields": {"action_time": "2019-01-19T17:30:47.031Z", "user": 1, "content_type": 17, "object_id": "1", "object_repr": "5 Unknown Treks in Himachal Pradesh", "action_flag": 2, "change_message": "[{\"changed\": {\"fields\": [\"title\"]}}]"}}, {"model": "admin.logentry", "pk": 356, "fields": {"action_time": "2019-01-19T19:40:05.255Z", "user": 1, "content_type": 17, "object_id": "1", "object_repr": "5 Unknown Treks in Himachal Pradesh", "action_flag": 2, "change_message": "[{\"changed\": {\"fields\": [\"date_published\"]}}]"}}, {"model": "admin.logentry", "pk": 357, "fields": {"action_time": "2019-01-20T05:22:24.572Z", "user": 1, "content_type": 17, "object_id": "2", "object_repr": "Adventure Tours In Himachal", "action_flag": 2, "change_message": "[{\"changed\": {\"fields\": [\"title\"]}}]"}}, {"model": "admin.logentry", "pk": 358, "fields": {"action_time": "2019-01-20T15:14:29.993Z", "user": 1, "content_type": 13, "object_id": "6", "object_repr": "Scuba Diving Goa", "action_flag": 1, "change_message": "[{\"added\": {}}, {\"added\": {\"object\": \"Requiredgear object\", \"name\": \"requiredgear\"}}]"}}, {"model": "admin.logentry", "pk": 359, "fields": {"action_time": "2019-01-20T15:54:27.837Z", "user": 1, "content_type": 7, "object_id": "1", "object_repr": "Goa", "action_flag": 2, "change_message": "[{\"changed\": {\"fields\": [\"about_destination\"]}}]"}}, {"model": "admin.logentry", "pk": 360, "fields": {"action_time": "2019-01-21T07:19:22.994Z", "user": 1, "content_type": 8, "object_id": "1", "object_repr": "Goa Semester Relaxation", "action_flag": 2, "change_message": "[{\"changed\": {\"fields\": [\"video_link\"]}}]"}}, {"model": "admin.logentry", "pk": 361, "fields": {"action_time": "2019-01-21T07:44:15.486Z", "user": 1, "content_type": 8, "object_id": "1", "object_repr": "Goa Semester Relaxation", "action_flag": 2, "change_message": "[{\"added\": {\"object\": \"https://www.youtube.com/embed/iPMeJYuIVTg\", \"name\": \"video\"}}]"}}, {"model": "admin.logentry", "pk": 362, "fields": {"action_time": "2019-01-21T07:54:58.261Z", "user": 1, "content_type": 9, "object_id": "3", "object_repr": "Trekking in Mcleodganj Triund", "action_flag": 2, "change_message": "[{\"added\": {\"object\": \"https://www.youtube.com/embed/O1BfnmGgfgc\", \"name\": \"upcomingtrip video\"}}]"}}, {"model": "admin.logentry", "pk": 363, "fields": {"action_time": "2019-01-21T07:56:55.701Z", "user": 1, "content_type": 9, "object_id": "3", "object_repr": "Trekking in Mcleodganj Triund", "action_flag": 2, "change_message": "[{\"changed\": {\"fields\": [\"link\"], \"object\": \"https://www.youtube.com/embed/iPMeJYuIVTg\", \"name\": \"upcomingtrip video\"}}]"}}, {"model": "admin.logentry", "pk": 364, "fields": {"action_time": "2019-01-21T07:57:27.376Z", "user": 1, "content_type": 9, "object_id": "3", "object_repr": "Trekking in Mcleodganj Triund", "action_flag": 2, "change_message": "[{\"changed\": {\"fields\": [\"link\"], \"object\": \"https://www.youtube.com/embed/O1BfnmGgfgc\", \"name\": \"upcomingtrip video\"}}]"}}, {"model": "admin.logentry", "pk": 365, "fields": {"action_time": "2019-01-21T07:58:11.454Z", "user": 1, "content_type": 9, "object_id": "3", "object_repr": "Trekking in Mcleodganj Triund", "action_flag": 2, "change_message": "[{\"changed\": {\"fields\": [\"link\"], \"object\": \"https://www.youtube.com/embed/SFDccedR-LU\", \"name\": \"upcomingtrip video\"}}]"}}, {"model": "admin.logentry", "pk": 366, "fields": {"action_time": "2019-01-21T08:02:59.489Z", "user": 1, "content_type": 8, "object_id": "5", "object_repr": "kanatal", "action_flag": 2, "change_message": "[{\"added\": {\"object\": \"https://www.youtube.com/embed/vJjbC_xoh3Y\", \"name\": \"video\"}}]"}}, {"model": "admin.logentry", "pk": 367, "fields": {"action_time": "2019-01-21T08:05:32.300Z", "user": 1, "content_type": 8, "object_id": "5", "object_repr": "kanatal", "action_flag": 2, "change_message": "[]"}}, {"model": "admin.logentry", "pk": 368, "fields": {"action_time": "2019-01-21T08:10:36.078Z", "user": 1, "content_type": 8, "object_id": "4", "object_repr": "Goa December Fun", "action_flag": 2, "change_message": "[{\"added\": {\"object\": \"https://www.youtube.com/embed/vjhEu3uBgnw\", \"name\": \"video\"}}]"}}, {"model": "admin.logentry", "pk": 369, "fields": {"action_time": "2019-01-21T08:27:31.802Z", "user": 1, "content_type": 8, "object_id": "1", "object_repr": "Goa Semester Relaxation", "action_flag": 2, "change_message": "[{\"changed\": {\"fields\": [\"day_detail\"], \"object\": \"GroupPackageitenerary object\", \"name\": \"group packageitenerary\"}}, {\"changed\": {\"fields\": [\"day_detail\"], \"object\": \"GroupPackageitenerary object\", \"name\": \"group packageitenerary\"}}, {\"changed\": {\"fields\": [\"day_detail\"], \"object\": \"GroupPackageitenerary object\", \"name\": \"group packageitenerary\"}}, {\"changed\": {\"fields\": [\"day_detail\"], \"object\": \"GroupPackageitenerary object\", \"name\": \"group packageitenerary\"}}]"}}, {"model": "admin.logentry", "pk": 370, "fields": {"action_time": "2019-01-21T08:28:01.161Z", "user": 1, "content_type": 8, "object_id": "1", "object_repr": "Goa Semester Relaxation", "action_flag": 2, "change_message": "[{\"changed\": {\"fields\": [\"day_detail\"], \"object\": \"GroupPackageitenerary object\", \"name\": \"group packageitenerary\"}}]"}}, {"model": "admin.logentry", "pk": 371, "fields": {"action_time": "2019-02-23T08:16:23.148Z", "user": 1, "content_type": 7, "object_id": "12", "object_repr": "Bangalore", "action_flag": 2, "change_message": "[{\"changed\": {\"fields\": [\"logo\"]}}]"}}]